username,ISBN,rating
sarahrogers,25755854,3
juliewebb,29021901,0
joyceowen,60191546,5
nicolasingh,6511260,0
malcolmwest,7124066,2
reecemurphy,30491762,0
abduldavey,7149662,1
darrenwilson,60211334,6
gavinbrown,28740122,9
rickysmith,60008326,5
kathrynjohnson,7351739,9
mandystevens,7142161,5
katearmstrong,6925170,4
traceydale,6172482,9
callumsmith,43600697,9
natashabrown,2550296,2
jodieowens,7139853,6
deborahfletcher,7156634,2
conorwallis,6511252,3
hazelmacdonald,29257506,8
teresawilliams,7175191,1
catherineevans,7461259,8
roberthughes,30764106,4
joyceevans,7113633,9
katemoore,30448611,5
abdulcampbell,60197617,6
cliveriley,7149824,7
traceysmith,60184051,2
abdulcampbell,20228716,6
malcolmwest,60177837,0
denisenash,28641949,8
katemoore,7443080,9
hollylowe,4583299,0
lesleyking,7486774,6
amberholmes,7327528,0
maxelliott,2231026,2
leonhunter,6716717,6
leonmoore,7175884,10
hannahtaylor,13561154,2
georgemartin,7344260,2
victorconnolly,7436629,7
abdulallen,60002700,6
vanessaroberts,42940486,1
jasonnorris,60292458,3
roberthughes,60291257,8
hazelo'sullivan,7120982,5
jodieowens,7457065,3
adamshaw,30818605,3
maxparsons,6499627,5
janicetaylor,60082186,2
paigecartwright,7350430,10
marionnicholson,41490371,10
gavinbrown,1656136,0
matthewharris,60280360,6
grahamedwards,60007834,9
stephenellis,6499503,0
alexanderlewis,2162687,1
vanessaroberts,7503679,4
laurenmills,7424604,3
elainemurphy,7244002,3
malcolmrichards,7115865,3
matthewharris,7169914,8
mandycampbell,7113064,1
alexanderlewis,7145160,4
philipnelson,7463332,0
harrybegum,60006617,3
marionnicholson,7230567,1
elainemurphy,30491916,10
leonmoore,6511856,1
meganmitchell,60084677,9
benjohnson,7424965,6
brandonhale,6551521,7
jakecook,7224125,9
conorwallis,60099453,2
bradleymurphy,60146710,4
stevensmith,7159013,3
jakecook,7350430,5
melissaphillips,29177766,10
natashawebster,7379048,8
gregoryclarke,2261987,5
robertbyrne,30619440,3
danielwillis,7321112,2
jasonnorris,7137508,9
brucenaylor,6511252,6
benjohnson,48080128,3
hazelmacdonald,21823324,7
hannahtaylor,30860210,2
martincollins,30448611,1
philipnelson,27227901,10
rhysbaxter,7162219,0
jacquelineanderson,6380905,1
kieranrobinson,7341830,6
laurasmith,6520338,4
briannash,7139853,4
stephenbrown,6919154,9
traceysmith,60160721,8
patrickjohnson,26151502,5
bradleymurphy,20634307,9
adamgiles,7119550,7
meganmitchell,30089220,6
janicetaylor,25471600,9
sarahadams,30898897,7
deborahfletcher,60186496,7
alexandrajenkins,60091444,9
jeansavage,6483895,3
karlhall,29342104,8
richardbrown,26124157,1
vanessaroberts,7101929,1
natashawebster,7485638,7
mollysaunders,7395906,8
ericmiller,7119070,4
shaunrobinson,6511252,3
geraldinewatkins,7467303,0
davidelliott,25604406,0
callumsmith,7436602,5
reecepickering,2198290,8
gavinbrown,7181337,7
neilsmith,7101082,0
joshuastewart,6479677,1
lynncox,6919154,4
jilledwards,28604202,6
tobyward,7207719,8
kateduffy,2550296,2
adamshaw,2191792,4
philipnelson,7149662,1
simontaylor,30605601,6
carlreid,7115881,4
gregoryclarke,7307187,6
harrybegum,7156650,5
shaunrobinson,13561154,7
alexanderlewis,6755240,9
jeansavage,20103700,7
harrybegum,60252391,7
frederickhopkins,20072406,0
amberkay,7202474,2
nicolahunt,30279100,0
richardbrown,48271209,7
robertbyrne,30735467,1
denisenash,7145373,4
adamgiles,7412118,2
malcolmbanks,20583516,6
christineferguson,7213514,7
sarahadams,7158505,3
patrickjohnson,6639224,7
alexandrajenkins,30420660,3
jeansavage,7173040,4
amandalittle,12426660,10
vanessaroberts,43510728,10
kathleenclarke,7143893,2
simonbrown,7181876,10
catherineevans,25790412,4
edwardpugh,12426660,10
amberkay,6334342,10
shaunrobinson,7262825,6
louiscoleman,2198290,8
kathrynjohnson,6385419,8
jenniferharrison,49160060,1
stephenellis,7120699,10
joyceowen,6161227,1
antonyjohnson,7151675,0
mauricearcher,7394764,6
paigekent,2217309,10
tobyward,6144748,2
christinesmith,27814319,1
patrickjohnson,28603958,5
stuartturner,7344171,7
simonbrown,60081279,7
karlhall,60192283,3
malcolmwest,6176909,8
paigecartwright,20103700,9
brandonhale1,6928498,7
angelagriffiths,7458207,7
briannash,7418930,5
brendarogers,7413629,1
darrenwilson,7302304,1
deboraharnold,6520338,9
tinagibbons,7134274,7
danielwillis,60179074,1
duncanyoung,7412118,3
jaynefrost,60093692,1
katherinegreen,21823324,10
abduldavey,60236353,10
daviddavis,7512392,1
dennishoward,25471600,10
kategibbs,7452209,5
maxparsons,7174160,0
joyceowen,7111487,0
maureenscott,6860648,4
abduldavey,60177837,4
geoffreyharper,7181353,10
kathleenclarke,6520338,2
janetellis,7191235,6
simonbrown,60435674,2
victorconnolly,60006617,10
jasonnorris,30764106,5
adamshaw,7174160,6
hazelmacdonald,60086254,7
holliehardy,26124165,7
clivemurphy,7208693,10
callummurray,20583516,5
andreascott,29303303,6
marcuswalker,60007311,7
philipnelson,2557916,9
rachelsmith,25226207,4
harrybrown,42525195,7
melissaphillips,6161227,6
jasonnorris,7170785,1
liamporter,7426194,10
reecemurphy,30081149,1
marcuswalker,7252609,4
roberthughes,6512984,5
deboraharnold,7373619,4
richardbrown,7302304,0
heatherhowell,7145373,2
dennishoward,6482996,4
amberholmes,2722771,8
marcuswalker,2192357,1
chloehall,27263177,8
staceylaw,28603788,8
frederickjackson,7183747,10
janetellis,310,10
katherinegreen,7119356,6
chloegriffiths,7161069,5
duncanyoung,60008954,2
simontaylor,2174618,4
elainewebster,6548024,6
frederickjackson,2554569,6
stephenbrown,60007834,0
jaymoran,2581578,3
natashawebster,2317850,1
brandonhale1,6755240,8
aimeenorman,7180683,2
kathrynjohnson,60175834,10
melissaphillips,7341423,6
jaynefrost,7120680,10
richardbrown,6925855,5
tinalynch,2317850,10
maureenscott,7443080,3
sandrastephenson,60088907,2
stephenbrown,7311672,7
ireneyoung,28641949,0
leonardball,60084618,6
ireneyoung,7442890,9
paigekent,28633725,0
catherineevans,6513379,6
jacquelineanderson,7115881,1
brucenaylor,60090510,7
daviddavis,7457952,4
natashabrown,7241607,1
roberthughes,60246693,9
malcolmrichards,7143486,3
fredericksmith,6901719,4
clivemurphy,20160607,8
gregoryclarke,15687,9
marionnicholson,4583299,1
chloehall,7443501,3
jemmabray,7163223,6
mauricearcher,60006617,4
robertbyrne,28657187,0
janicetaylor,44408323,7
benjohnson,7461267,1
alexanderdavis,7113633,2
malcolmrichards,7229690,6
amandalittle,60176911,3
malcolmwest,7449232,3
leonhunter,7444788,7
hazelo'sullivan,7169914,9
laurenmills,60292652,9
lesliepage,7193173,10
jemmabray,30693012,10
briannash,7121024,7
malcolmparker,6925170,2
gregoryclarke,7299311,9
allanwells,6483011,8
sarahadams,7424604,5
traceydale,2195372,1
jenniferharrison,2007118,0
geraldinewatkins,1880813,1
laurenmills,60004878,3
marionnicholson,6716717,8
chloegriffiths,60005505,10
geraldinewatkins,6174531,1
christinesmith,2195372,2
tinagibbons,60266880,8
amberkay,60160721,2
mollysaunders,6903509,3
geraldwallace,20425651,5
amberkay,30523362,5
martinmason,6941400,1
dennishoward,6903207,4
alexandrajenkins,48271209,6
kevinrobinson,7323786,9
hollylowe,7491433,8
hayleyhoward,2117010,4
christineferguson,6376673,1
bethsmith,7242999,3
meganmitchell,28711564,1
kathleenclarke,30818605,3
deborahfletcher,7143486,3
alexanderdavis,48270660,2
cliveriley,27931250,2
nathanlewis,6334342,3
paigekent,60197765,8
adamshaw,60088176,4
hayleyhoward,6532284,0
daviddavis,2572249,3
callumsmith,7243006,4
brandonhale1,60297018,4
sandrastephenson,2117010,6
victoriapowell,60297018,8
victoriapowell,7212917,8
grahamedwards,983012,4
tinalynch,6513034,9
philipharvey,27931250,7
louisfletcher,7204914,2
deboraharnold,60392177,10
antonyjohnson,7506619,5
traceydale,60435674,4
patrickjohnson,23258802,0
emmaward,6922333,2
abduldavey,28621700,4
lyndamay,7101147,5
deborahfletcher,7267045,7
jasonnorris,7120796,2
josephpowell,7503679,7
joyceevans,7446977,6
juliewebb,7137508,6
neilsmith,6172075,4
victorconnolly,6903908,7
neilsmith,6334342,1
roberthughes,29342104,2
alexanderlewis,60182989,10
geraldinewatkins,7303718,1
benjohnson,60164662,6
amandalittle,6382568,7
nicolesinclair,60273208,7
daviddavis,7119550,9
kategibbs,7312393,5
sarahadams,26894165,5
joyceowen,6511252,3
adamshaw,2627558,9
brandonhale,7457065,7
hazelo'sullivan,7424604,10
dennishoward,4583299,4
lynnewalsh,60006633,6
leonardball,2201224,4
lynncox,2217309,3
jeansavage,7142161,6
donaldhenderson,7433700,2
staceylaw,6513379,9
hazelkhan,6640613,3
donaldhenderson,2179695,9
joelgoddard,29215978,9
christinesmith,49160060,1
nicolesinclair,28740866,4
geraldwallace,30428769,10
robertbyrne,7383053,10
mandystevens,12458120,0
lesleyking,7341830,7
callummurray,6159915,5
philipnelson,6388779,6
marionnicholson,6479278,2
callummurray,60273208,6
catherineevans,7149824,7
natashabrown,60192291,3
lesliepage,60280212,9
holliehardy,7181337,3
meganmitchell,30279100,5
emmaward,7124066,10
katemoore,7115865,6
lynnewalsh,3701786,8
nicolasingh,60086521,2
alicewright,60005505,4
mandystevens,7115881,8
amberholmes,7444788,9
jilledwards,60419873,9
nicolasingh,30491916,7
hayleyhoward,7345631,5
lauracarter,6482996,10
jasonnorris,60291257,2
harrybrown,2557916,8
laurenmills,60164794,2
leonhunter,29356717,5
janicetaylor,7489447,0
gregoryclarke,2601070,6
kathrynjohnson,6907237,6
lauracarter,6174434,0
malcolmwest,4182170,1
richardbrown,60390670,4
carlreid,60160721,3
jacquelineanderson,60273208,10
grahamross,1941038,0
jilledwards,60192283,7
marcuswalker,28711564,3
darrenwilson,6483011,0
grahamross,29215978,1
darrenroberts,7175752,2
maxparsons,2005212,8
staceylaw,60086653,7
josephpowell,30081149,1
aimeenorman,60197870,8
stephaniebradley,6932436,5
dennishoward,7156650,5
allanwells,7341423,5
frederickwarren,7244665,3
traceysmith,6902197,0
donnalloyd,28740122,0
fredericksmith,6169511,2
nicolesinclair,7379048,9
chloehall,60088613,5
amberholmes,60175834,5
mauriceallen,60090480,9
catherineevans,28740637,9
victorconnolly,7145373,7
brucenaylor,7436009,6
hayleyhoward,20103700,8
paigekent,2179695,1
joyceevans,7156634,4
mauricearcher,7455038,10
nicolasingh,7487967,6
lesleyking,7433565,7
antonyjohnson,27058557,8
rickysmith,26327031,6
christineferguson,7425295,6
paulhilton,6499503,10
sandrastephenson,60191058,7
hannahtaylor,25226207,1
stevensmith,7325533,6
patrickjohnson,7447329,5
kateharper,7383053,10
deboraharnold,6511260,4
francesburke,6367224,0
martincollins,6158056,0
heatherhowell,20209851,8
emmaward,7115881,4
fredericksmith,6511260,10
shirleyhowell,60172770,2
lynncox,2206269,9
kateduffy,7145373,7
darrenroberts,20209851,5
laurasmith,60297573,8
stuartturner,28635949,8
hazelmacdonald,60252391,9
donaldhenderson,7413629,8
aimeenorman,29117062,10
victoriapowell,60188677,3
lynncox,60289007,1
nicolahunt,7455054,6
leonardball,60198281,5
allanwells,11532297,7
aimeenorman,25005510,0
bradleymurphy,7163223,2
amberkay,60176911,4
leonhunter,60186496,0
callumsmith,25882805,3
christinesmith,25755854,1
joshuastewart,29303303,9
deborahfletcher,7119550,2
darrenroberts,7182988,1
hollylowe,28612663,4
amandalittle,2557916,4
martincollins,49250205,0
allanwells,60392320,9
sandraburton,30428769,6
adamgiles,7124473,4
darrenroberts,4586654,7
angelagriffiths,28641949,1
donnalloyd,28647130,8
neilsmith,7425295,7
dennishoward,7303742,9
christinesmith,6863787,1
natashawebster,60088907,5
paigekent,60084391,4
neilhunter,29177766,10
briannash,30548365,7
richardbrown,983012,4
maureenscott,6542379,8
kateharper,6546048,7
briannash,7424965,8
guytaylor,6483909,9
maxelliott,28647130,5
louisfletcher,60093692,6
frederickhopkins,30089220,2
kathleenclarke,6922309,8
nicolasingh,2007118,9
gavinkemp,27097803,10
craigstevens,6172075,10
edwardpugh,6003133,8
deboraharnold,60289007,4
geraldwallace,60286423,5
martinmason,7120389,9
abduldavey,21823324,9
fredericksmith,2257556,9
neilsmith,60091444,3
philipharvey,28608313,10
adamshaw,7120982,3
daniellewright,7344171,8
jasonnorris,4182170,5
melissaphillips,60012757,7
hayleyhoward,600653,5
marionnicholson,60290331,10
abdulcampbell,7492774,6
tinagibbons,29303303,10
heathersingh,2310015,1
traceydale,60012757,8
louiscoleman,60266880,0
adamshaw,60000155,8
leighbrown,20209851,3
stephenellis,7119070,9
ireneyoung,6932436,7
richardthomas,7162219,6
deboraharnold,6905048,5
philipharvey,7271174,1
juliewebb,6003133,10
leonhunter,43600697,8
alexanderdavis,6367224,7
lesleyking,25882805,8
lynncox,30735467,7
traceysmith,60197765,2
brandonhale,27448002,1
vanessaroberts,7183038,2
frederickwarren,7503679,4
maxelliott,30548365,0
tinalynch,20854501,9
reecemurphy,7462271,10
darrenroberts,51693836,6
louiscoleman,7190611,9
christineferguson,60194863,3
brandonhale,7127596,10
joelgoddard,7393571,10
howardingram,7341830,4
craigstevens,60099453,6
juliewebb,60224916,8
gavinkemp,6932436,7
tinalynch,60224916,3
callummurray,2555123,1
sarahadams,60287616,9
harrybrown,30081149,2
holliehardy,7461267,10
richardthomas,43850618,0
kathleenclarke,6902197,2
harrybegum,7159013,4
nicolasingh,2162687,6
kateduffy,60184051,7
deborahfletcher,7193149,4
malcolmparker,310,4
nicolasingh,7111452,8
grahamedwards,25322613,1
stephenbrown,2722771,3
robertbyrne,20424108,7
duncanyoung,60211334,10
joyceowen,6334342,0
nicolahunt,7289138,10
alexandrajenkins,7217803,6
gregoryclarke,6003133,0
leonardball,30448611,9
andreascott,7226381,6
janicetaylor,20016700,9
chloehall,7489943,4
reecemurphy,2257777,1
mauricearcher,7331789,5
roberthughes,7418701,0
richardthomas,60196319,1
hollylowe,6511279,4
jemmabray,7302304,2
alexanderlewis,2310015,7
leighbrown,60188065,6
brucenaylor,29201357,8
philipharvey,7321112,8
neilhunter,7120796,9
brucenaylor,60090553,5
nicolesinclair,7433700,6
katherinegreen,7154844,7
jaymoran,7480229,8
daniellewright,11495030,6
jasonnorris,6384234,3
alexanderlewis,7120680,2
elainewebster,60107103,5
adamgiles,7411995,5
hazelmacdonald,7223773,0
leonardball,60278870,0
jemmabray,44406002,3
richardthomas,6122523,4
nathanlewis,60164662,5
nathanlewis,7163223,6
hannahtaylor,6903207,9
hannahtaylor,27097803,3
brandonhale1,7446306,7
tobyward,6172482,10
melissaphillips,2203372,2
albertrees,7242905,2
carolynedwards,4589262,10
andreascott,28603788,2
abduldavey,60088907,1
sarahrogers,60093579,8
dannywilkinson,60107103,10
albertrees,6919154,0
darrenroberts,60095849,9
mandycampbell,20583516,8
martincollins,7208650,6
elainewebster,6511252,6
danielwillis,28635949,5
janicetaylor,2310015,8
edwardpugh,25005510,5
frederickwarren,7181353,0
chloegriffiths,7120796,3
allanwells,60199571,6
reecepickering,6546048,4
traceydale,60008326,5
katearmstrong,7303742,1
katherinegreen,7345623,0
callummurray,7345631,0
alexandrajenkins,27814319,10
tobyward,29177766,8
martincollins,7263058,4
philipharvey,7101147,2
chloegriffiths,7359071,6
darrenroberts,7492774,1
bradleymurphy,7428642,0
rickysmith,48080128,8
allanwells,7435991,4
tinalynch,49160060,3
hayleyhoward,6144748,9
teresawilliams,7119070,7
sandrastephenson,60009144,2
marcuswalker,20961502,8
denisenash,60169648,0
maureenscott,983012,5
laurenmills,60011602,2
francesburke,27613305,10
lesliepage,6499627,8
tinalynch,60090553,4
victoriapowell,6354262,10
kevinrobinson,7418930,9
reecemurphy,4583299,10
lynncox,27501604,3
hazelmacdonald,7157177,4
nathanlewis,20854501,2
sarahrogers,6914128,9
malcolmparker,7371446,4
annagill,60211334,4
karlhall,13561154,9
lesliepage,2231026,4
traceysmith,49250205,4
meganmitchell,7126964,7
frederickhopkins,7209061,4
stephenbrown,7161069,7
laurenmills,6476201,5
aimeenorman,27227901,7
elainemurphy,7263058,1
traceysmith,60146931,1
benjohnson,6014791,7
nicolasingh,20288905,4
alexanderdavis,60280891,10
jaymoran,6928498,1
davidelliott,29063507,7
francescajennings,60196319,8
lynncox,20248504,3
laurasmith,7383053,0
alicewright,6903215,7
richardbrown,28639006,3
shirleyhowell,26329859,4
louisfletcher,7156634,2
maureenscott,7223773,9
stuartturner,7131631,4
carolynedwards,7453523,10
leonmoore,60184051,3
richardbrown,6380905,3
frederickjackson,7511280,10
reecemurphy,7121105,1
katherinegreen,11532297,0
janetellis,7158505,5
lynncox,60084391,4
kathleenclarke,60193395,7
jaynefrost,60194383,0
teresawilliams,6159915,2
francescajennings,7489447,9
kevinrobinson,44406002,8
lynnewalsh,6548067,6
hayleyhoward,60084677,2
elainewebster,60294019,10
conorwallis,6915612,0
jodielawrence,25755854,8
christineferguson,7478798,7
frederickhopkins,2206269,10
hayleyhoward,7435991,7
lesleyking,6482708,4
grahamross,60236353,4
louisfletcher,60294019,7
kathleenclarke,6511856,4
malcolmrichards,25948407,1
frederickjackson,43850618,7
gavinbrown,4182170,3
neilsmith,28639006,9
kevinrobinson,29215978,10
harrybegum,60082186,5
bethsmith,30898897,9
laurenmills,7201095,0
grahamross,7303718,8
maxparsons,60236353,0
nicolesinclair,60392177,8
nicolahunt,7175191,9
richardthomas,7139853,0
duncanyoung,6925065,8
amberholmes,23937807,8
lynncox,20634307,6
holliehardy,7424604,6
rachelsmith,20209851,10
fredericksmith,7418701,7
denisenash,28644506,9
victoriaclarke,29342104,1
victorconnolly,60223278,3
jenniferharrison,7140495,6
hollylowe,7181337,1
jilledwards,60160721,0
richardthomas,6548334,3
hollylowe,60009144,8
vanessaroberts,60163100,2
holliehardy,30898897,7
georgemartin,20854501,2
nicolesinclair,6485693,3
malcolmparker,60134216,0
laurenmills,7140495,1
daniellewright,30619440,3
brucenaylor,7479611,2
guytaylor,6338267,10
callummurray,60081279,7
rachelsmith,60008954,3
christineferguson,7274688,3
mandystevens,20425651,3
cliveriley,29192102,4
stevensmith,60292652,2
brucenaylor,7244665,4
mauricearcher,7446977,0
victorconnolly,7393571,5
meganmitchell,27351904,5
bradleymurphy,26151502,0
gavinkemp,25755854,10
marionnicholson,27818403,10
lynncox,7107951,1
harrybegum,60097833,5
jodieowens,7500157,9
martincollins,7115865,3
simonbrown,25473905,6
lesliepage,60271868,1
jemmabray,7446306,1
philipnelson,60194383,8
elainewebster,6175465,2
frederickwarren,7242956,8
francesburke,60084618,8
reecemurphy,29215978,3
richardthomas,7303718,3
andreascott,7241577,1
jessicathomas,28718429,0
carlreid,7119356,2
jasonnorris,60106883,5
tinalynch,60096772,6
hazelo'sullivan,60000651,1
fredericksmith,20425651,7
brucenaylor,60290994,1
vanessaroberts,30860210,4
shaunrobinson,7486774,4
dennishoward,28603788,7
andreascott,6907237,10
clivemurphy,60095245,3
janicetaylor,2192357,9
elainewebster,30865727,0
sandrastephenson,7145373,5
hazelkhan,7144490,0
ericmiller,60100990,6
teresawilliams,600653,4
liamporter,7142161,9
deboraharnold,20583516,7
mauricearcher,6902324,10
robertbyrne,25948407,6
jeansavage,60292652,1
brandonhale,7143486,6
harrybrown,7331843,1
jasonnorris,60135336,5
ireneyoung,7163223,5
jemmabray,7443080,9
kieranrobinson,6548067,2
sarahrogers,60188065,4
laurasmith,60267895,4
kieranrobinson,60005300,4
paigecartwright,6482996,3
alicewright,7442629,0
rhysbaxter,7163223,1
katemoore,1713272,7
stephenbrown,6280838,10
donnaking,6514642,7
neilsmith,7434936,0
heatherhowell,6174434,7
georgemartin,60271868,7
traceydale,6164331,7
laurasmith,7137532,3
catherineevans,7413629,3
katemoore,7412118,0
janicetaylor,2554569,5
traceydale,6531172,6
marcuswalker,60000155,4
rhysbaxter,6941400,10
neilsmith,7426194,1
amberholmes,42525195,1
brandonhale,7181876,7
lesliepage,28657187,8
leighbrown,30865727,8
geraldwallace,7143486,10
gavinbrown,7119305,0
adamshaw,2557916,8
gavinbrown,6511252,5
staceylaw,28740866,10
jeansavage,6749119,7
stuartturner,60146931,6
richardbrown,60099453,2
natashabrown,60090553,10
jacquelineanderson,60192356,7
abdulallen,7438885,7
geraldwallace,6548024,5
simontaylor,6910181,7
frederickwarren,891.98332,5
maxelliott,7181337,2
janicetaylor,28603958,6
harrybrown,891.98332,10
allanwells,60114789,10
patrickjohnson,7333463,0
shirleyhowell,6511252,5
stephenbrown,30695341,3
geraldwallace,60435674,9
alicewright,60290331,10
geraldwallace,29177766,2
amandalittle,7453523,5
jaynefrost,13561154,10
mollysaunders,7242905,8
teresawilliams,27448002,6
karlhall,7379048,2
louiscoleman,2570211,3
jessicathomas,29187303,8
carlreid,6511252,5
josephpowell,60124202,4
geoffreyharper,7174543,7
mollysaunders,7140495,1
aimeenorman,60194863,0
josephpowell,6639224,10
jessicathomas,7488238,6
kieranrobinson,26151502,1
alicewright,7333463,5
jodieowens,7120842,7
joshuastewart,7154933,2
alexandrajenkins,6485693,1
marionnicholson,7151675,2
hazelo'sullivan,20421907,9
joshuastewart,6925847,4
maxelliott,30420660,1
aimeenorman,7478798,2
jeansavage,6860567,3
jemmabray,28644506,9
martincollins,20372213,0
donnalloyd,7489447,9
ericmiller,25370502,4
fredericksmith,7395906,1
hazelkhan,6161227,7
neilhunter,7444788,5
mauricearcher,60280360,6
gavinkemp,60275189,10
vanessaroberts,6354262,6
simonbrown,6903452,10
frederickhopkins,7204884,5
jaymoran,30619440,7
sandraburton,60280360,0
clivemurphy,60006617,8
craigstevens,60091444,8
katemoore,7143486,8
frederickhopkins,6157491,1
carolynedwards,3142078,10
dannywilkinson,7120389,2
stephenellis,27000311,9
victoriapowell,6933998,1
maxparsons,6918026,9
frederickwarren,7457065,6
rachelsmith,7115865,3
hannahtaylor,6385680,9
paigekent,7137532,2
edwardpugh,6157491,10
joelgoddard,30619440,9
matthewharris,2257556,10
maxelliott,6520338,3
amberholmes,60188677,10
gavinbrown,60390670,0
jenniferharrison,6904017,8
shirleyhowell,48270660,10
danielwillis,60294019,0
annagill,25948407,7
marcuswalker,7482817,9
hollylowe,7321627,0
stephenbrown,7321112,8
roberthughes,60088613,10
brandonhale,27097803,6
patrickjohnson,7113633,3
clivemurphy,2257777,3
bethsmith,2117010,8
hazelmacdonald,30572967,7
katherinegreen,6513034,4
alexandrajenkins,60223278,9
tobyward,60419873,7
harrybegum,60085924,6
tobyward,60245328,2
liamporter,44406002,4
kathrynjohnson,6932436,10
andreascott,6749119,9
allanwells,60175834,8
lyndamay,60174021,2
victoriaclarke,6157491,1
gavinbrown,26327031,6
deborahfletcher,28604016,3
benjohnson,60280077,9
nicolahunt,60088915,2
leonardball,6158056,6
stuartturner,60287616,8
alexanderdavis,7311672,0
alexandrajenkins,30693012,5
hazelo'sullivan,60124202,1
laurenmills,6860672,7
jenniferharrison,7371446,6
leighbrown,29257506,9
philipharvey,6486134,4
malcolmbanks,7447329,5
darrenroberts,6334342,5
carlreid,6551521,0
frederickhopkins,30600413,7
geraldwallace,7124473,2
martincollins,28635949,9
briannash,6640613,10
antonyjohnson,60086521,7
aimeenorman,60088613,5
meganmitchell,7331843,4
lynnewalsh,29342104,1
liamporter,7229690,1
abdulcampbell,2570211,3
brandonhale,60098538,4
tinagibbons,20421907,2
neilhunter,30764106,3
louisfletcher,7213514,1
richardbrown,60286423,7
simontaylor,7485638,4
matthewharris,7512392,4
stevensmith,6926517,6
catherineevans,7181337,5
kateduffy,6923038,1
kieranrobinson,6547974,7
mauriceallen,60273208,8
dannywilkinson,6392679,9
maureenscott,7241607,4
kateharper,7158475,8
richardthomas,28604016,1
davidelliott,6543707,10
deboraharnold,7203306,0
katearmstrong,30898897,1
laurasmith,60093692,4
natashabrown,25258001,1
stephenellis,60002700,0
hazelo'sullivan,7226381,0
maxelliott,60392177,0
craigstevens,60199571,5
jemmabray,60264551,4
donnaking,60191546,4
bradleymurphy,6159915,9
conorwallis,60146931,5
stephaniebradley,28604202,1
howardingram,6929443,6
shaunrobinson,6929451,5
reecepickering,7321112,0
mollysaunders,2198290,3
christinesmith,29187303,2
alexandrajenkins,6860672,6
hazelmacdonald,60114789,8
meganmitchell,7157177,5
chloehall,28740637,3
francescajennings,60005300,0
donaldhenderson,2722771,3
amberkay,23248904,5
jodieowens,60267895,9
howardingram,60007311,9
donnaking,28610148,5
maureenscott,2198290,7
malcolmparker,44406150,1
nathanlewis,27814319,6
frederickhopkins,6860648,2
malcolmrichards,20425651,1
daniellewright,7156634,0
malcolmparker,60086734,7
hazelkhan,20103700,10
gavinbrown,60012757,3
darrenroberts,28718429,1
jenniferharrison,7481195,9
marionnicholson,60124350,4
meganmitchell,60266880,0
malcolmwest,6903509,3
darrenroberts,7285965,8
paulhilton,6483895,3
stephenellis,7426194,9
jaymoran,60287934,6
traceydale,20854501,0
jaymoran,60224916,1
victorconnolly,7126964,10
kathleenclarke,7442432,4
edwardpugh,6902324,5
kateduffy,28627024,7
janicetaylor,6476201,3
martincollins,60279788,8
kathleenclarke,6548067,4
amberkay,7122586,1
abdulcampbell,44406002,0
janetellis,7182988,10
paulhilton,7438885,1
leighbrown,28633725,5
geraldinewatkins,6169511,2
carolynedwards,7305885,5
chloegriffiths,6482996,0
georgemartin,60390670,9
grahamross,7373651,6
malcolmbanks,60124202,10
bradleymurphy,30860210,4
laurenmills,6511260,7
holliehardy,6542565,6
carolynedwards,60290994,10
simontaylor,7373619,2
sandraburton,6943888,0
simontaylor,2722771,2
tinagibbons,7136846,4
leighbrown,60084391,2
brendarogers,6476201,3
amandalittle,49250205,10
lesliepage,60107103,4
kathrynjohnson,60164662,7
janetellis,7321627,6
rickysmith,1656136,4
bethsmith,6384234,8
frederickhopkins,7111487,3
joyceevans,6158056,4
jilledwards,6928498,4
francescajennings,2174618,0
gregoryclarke,7373619,10
martincollins,60012757,6
abdulallen,7193173,1
leighbrown,7453523,0
rhysbaxter,30600413,10
tinagibbons,6520338,2
chloegriffiths,7252609,2
aimeenorman,15687,1
frederickhopkins,6479278,7
malcolmbanks,7443498,4
neilhunter,28635949,8
alexanderdavis,7145160,8
daviddavis,60093692,8
maxparsons,7127596,6
mauricearcher,7480229,1
donnaking,60002069,5
teresawilliams,60197870,6
jacquelineanderson,7158033,10
gavinkemp,7341830,9
brandonhale1,7326602,0
janicetaylor,30865727,1
gregoryclarke,60197870,5
nathanlewis,4583299,6
sarahrogers,30491762,9
dannywilkinson,7119356,4
andreascott,60107103,4
stephenellis,7260830,10
paulhilton,6172075,2
kieranrobinson,43600697,0
adamgiles,60191058,9
geraldwallace,7172907,8
hollylowe,60099453,2
brandonhale,44408323,2
chloehall,6915612,10
patrickjohnson,20188706,3
victoriapowell,6338267,3
vanessaroberts,6483011,0
geoffreyharper,6003133,8
angelagriffiths,6541410,3
grahamross,6174434,4
donnaking,60194863,8
hazelo'sullivan,60098538,6
elainemurphy,7120982,7
paulhilton,27814319,6
marionnicholson,7229690,7
guytaylor,7478798,10
leonhunter,7264798,10
mandystevens,30184363,8
victoriaclarke,30600413,3
jaynefrost,30865727,0
holliehardy,7506619,0
carlreid,29201357,6
kathleenclarke,44408323,4
nathanlewis,7208650,10
juliewebb,2201224,8
victorconnolly,60099453,5
nathanlewis,60082186,9
abdulcampbell,7175191,7
shirleyhowell,30860210,1
lauracarter,6499627,1
jilledwards,60097833,5
andreascott,7436629,10
matthewharris,6940935,1
lynncox,6924395,7
francescajennings,20961502,4
mollysaunders,60124202,10
allanwells,7394764,4
nicolahunt,6514642,0
staceylaw,6159915,4
daniellewright,7122586,3
nathanlewis,23606924,10
deboraharnold,60088176,10
philipnelson,7193149,1
jaymoran,7540035,5
brendarogers,38127113,8
deboraharnold,7183747,8
marcuswalker,6551521,1
shirleyhowell,7131631,9
grahamedwards,7351739,3
jessicathomas,7143486,8
maxelliott,60088303,4
francescajennings,7436580,4
deboraharnold,7412118,3
marcuswalker,7191235,1
edwardpugh,28603958,6
carolynedwards,28657187,0
kieranrobinson,12426660,3
craigstevens,60006617,5
richardbrown,7202474,0
chloegriffiths,60175834,10
leonardball,7113633,6
simonbrown,6144942,5
jasonnorris,60107790,0
simonbrown,28608135,9
mauriceallen,60005300,0
guytaylor,600653,5
guytaylor,6499473,10
abduldavey,60007796,10
stevensmith,42525195,0
joyceowen,23604905,8
kateharper,6376673,10
donaldhenderson,23258802,4
grahamedwards,6548628,8
geoffreyharper,6922309,3
paigekent,6903355,10
katherinegreen,43510728,7
deboraharnold,30695341,8
mauriceallen,60090553,6
geraldwallace,48271209,6
sandrastephenson,29021901,3
donaldhenderson,60002697,2
aimeenorman,60146710,5
elainemurphy,60081589,9
ireneyoung,60106883,9
grahamross,7120699,8
donaldhenderson,7289138,6
stevensmith,6860672,10
geraldinewatkins,7163223,8
allanwells,7175884,9
lesleyking,7480229,0
malcolmwest,2570211,2
richardthomas,60005696,10
stephenellis,28608313,3
jasonnorris,6939031,8
janicetaylor,7449232,5
alexandrajenkins,7462271,1
shaunrobinson,25370502,10
sarahrogers,7359071,3
carlreid,6922309,9
hazelo'sullivan,33994285,8
gavinbrown,6860567,9
natashawebster,7487967,5
paigecartwright,2005832,9
albertrees,2117010,1
kathleenclarke,7162219,1
janicetaylor,60086254,9
reecepickering,6920608,0
geraldinewatkins,6512984,10
geoffreyharper,6357830,3
kateduffy,44409230,6
staceylaw,7457146,3
georgemartin,7115881,2
traceydale,7303718,2
daniellewright,28604202,4
philipharvey,28740122,6
victoriaclarke,7418701,4
malcolmwest,6548067,1
joyceevans,7393571,1
elainemurphy,7485476,2
joyceowen,7457952,5
joelgoddard,6122523,1
francescajennings,6542379,10
gavinkemp,7500157,0
hannahtaylor,30548365,3
amberholmes,6376673,2
daviddavis,60196319,9
hollylowe,7157177,4
kevinrobinson,1712780,3
hayleyhoward,6388450,1
geraldwallace,7229690,7
hazelmacdonald,6376673,1
malcolmbanks,29192102,4
callummurray,6903509,4
allanwells,20248504,3
lauracarter,7428642,0
jemmabray,60002697,7
liamporter,6640613,1
elainewebster,60192291,8
staceylaw,7115881,10
tinalynch,27545601,10
paigecartwright,7119305,7
louiscoleman,28636589,6
victorconnolly,6159915,5
annagill,30844924,6
lynnewalsh,6476201,8
gregoryclarke,1941038,2
chloehall,7176295,2
philipharvey,29048753,3
malcolmrichards,7446977,3
stevensmith,60435674,10
simontaylor,60112972,0
rickysmith,6174426,9
joelgoddard,38127113,5
harrybegum,60199571,6
benjohnson,60280212,0
chloehall,60168196,8
rickysmith,60172770,3
katherinegreen,6903215,9
leonmoore,44402457,7
stevensmith,1941062,7
mauricearcher,6172482,6
craigstevens,60000155,1
hazelo'sullivan,7161069,4
geraldwallace,27058557,9
callummurray,44456867,8
traceydale,7183038,3
lynnewalsh,60005505,7
victorconnolly,24021504,8
leonmoore,7444788,7
gavinkemp,28608135,3
alexanderlewis,6344623,4
richardthomas,60107790,4
duncanyoung,38127113,5
staceylaw,30081149,1
stevensmith,7312393,1
emmaward,6344623,6
josephpowell,20130406,5
mandycampbell,7142161,10
adamgiles,6545777,10
stephenbrown,60095245,5
kategibbs,6639224,6
joyceevans,29021901,6
lynnewalsh,60287616,9
maureenscott,28711564,4
ericmiller,7449178,1
matthewharris,6933971,5
andreascott,7428642,2
jemmabray,60008326,5
kategibbs,6860648,9
kathrynjohnson,7305885,0
hazelo'sullivan,7411995,0
jodielawrence,6749119,1
adamgiles,7157312,8
joyceowen,28642635,8
daviddavis,30491916,9
ericmiller,7443722,10
philipharvey,60188677,7
amberholmes,6922678,5
jeansavage,2550296,1
rickysmith,7341423,8
lauracarter,60086734,6
harrybegum,7413629,4
martincollins,7136366,4
kategibbs,7449178,1
jaymoran,2117010,3
nicolasingh,7262825,6
brandonhale1,60166495,5
katemoore,7241577,4
richardthomas,60002069,7
gavinbrown,7121105,7
amandalittle,60088915,8
stephaniebradley,20016700,6
benjohnson,7119070,3
joyceevans,6541410,0
brandonhale,2247410,10
jakecook,60098538,6
clivemurphy,28740637,4
matthewharris,7478798,1
laurasmith,7320418,5
jodielawrence,3701786,3
brendarogers,7107951,9
patrickjohnson,6543707,5
gavinkemp,983012,7
christinesmith,26203308,2
janetellis,6945953,10
ericmiller,60106883,5
neilsmith,60005505,4
shaunrobinson,60175028,6
kathleenclarke,60005696,4
francesburke,7506619,1
kateduffy,7383053,3
holliehardy,7289715,4
guytaylor,24259209,1
jaymoran,6542565,2
annagill,30448611,6
amberholmes,60114789,10
duncanyoung,6486134,10
jodielawrence,7113803,3
kieranrobinson,60012757,5
alexanderlewis,6929311,5
donnalloyd,6172075,3
andreascott,60280360,0
kevinrobinson,7443722,2
kieranrobinson,7113633,2
simontaylor,6943888,0
abdulallen,30572967,6
danielwillis,60192356,0
simonbrown,29117062,2
louisfletcher,2206269,3
neilhunter,25258001,10
fredericksmith,28627024,7
dannywilkinson,7457952,10
stephaniebradley,49250205,5
hayleyhoward,2005832,6
craigstevens,60168196,1
frederickwarren,6385680,0
georgemartin,60095245,4
bradleymurphy,6357830,1
jemmabray,6479278,1
shirleyhowell,6014791,10
adamgiles,6344623,8
traceysmith,6159915,3
kateharper,60002069,4
marionnicholson,6545777,8
jeansavage,28603788,0
annagill,7134274,9
kateharper,30865727,7
marcuswalker,7351739,0
jilledwards,4583299,3
marcuswalker,28612663,7
lynnewalsh,6926517,10
hollylowe,7119305,4
alexandrajenkins,2555123,8
neilhunter,6388779,9
kieranrobinson,7457065,7
ireneyoung,6531172,8
aimeenorman,60218053,0
reecepickering,7262825,4
sarahrogers,7111509,3
rhysbaxter,6144942,10
jacquelineanderson,39985,6
donnaking,7170785,10
conorwallis,7411995,4
donaldhenderson,7411995,8
kevinrobinson,6280838,3
kathrynjohnson,6925073,9
juliewebb,7159013,6
simontaylor,6903215,0
cliveriley,48080128,0
nicolahunt,7172907,1
jacquelineanderson,60287934,1
brucenaylor,6929451,1
andreascott,7242972,8
louiscoleman,60279788,4
jilledwards,29201357,3
alicewright,6174531,0
nicolasingh,6380905,4
melissaphillips,20228716,10
philipnelson,7486774,3
danielwillis,7307187,2
sandraburton,6483895,7
maxparsons,48271209,6
vanessaroberts,60107790,1
meganmitchell,6540910,4
katherinegreen,6905048,0
heathersingh,7424965,2
adamshaw,6922678,6
elainemurphy,7101147,7
daniellewright,60224916,9
hannahtaylor,7121105,10
kathrynjohnson,7489447,2
sandrastephenson,6334342,9
nicolesinclair,2231026,6
joshuastewart,7203306,1
brucenaylor,6158056,6
fredericksmith,9537582,3
simonbrown,7224125,6
reecepickering,7344260,10
georgemartin,60007834,3
duncanyoung,7232241,2
mandycampbell,6548628,2
benjohnson,60278870,1
ericmiller,7461267,6
staceylaw,7323786,1
christineferguson,29342104,1
jilledwards,7452209,3
jilledwards,23258802,9
nicolasingh,60093692,3
abdulcampbell,2206269,10
richardthomas,7327528,6
maureenscott,28644506,3
victoriaclarke,6933971,2
carolynedwards,7299311,8
mollysaunders,25790412,8
nicolesinclair,30845866,2
jaynefrost,60086521,5
darrenwilson,7285965,6
philipnelson,25882805,4
grahamedwards,7325533,5
elainewebster,11089601,6
francescajennings,20072406,5
louisfletcher,7321627,9
nathanlewis,48271209,9
alexandrajenkins,6154018,5
meganmitchell,6158110,10
briannash,2257556,9
kategibbs,2231026,0
natashawebster,30725003,10
brucenaylor,47990023,4
tobyward,7143486,9
francesburke,26203308,0
alexanderlewis,60006617,7
simonbrown,60186496,10
paigekent,30865727,3
jeansavage,60297018,5
maxparsons,7242956,8
neilsmith,28604199,7
janicetaylor,29112400,7
maxelliott,25882805,0
malcolmparker,9323231,3
alexanderlewis,7271174,7
georgemartin,48271209,3
nathanlewis,7143893,0
abdulallen,20188706,10
louiscoleman,60092866,6
cliveriley,7271174,2
shirleyhowell,7449178,6
geraldwallace,28657187,1
rhysbaxter,30845866,6
gavinkemp,28018745,9
hollylowe,26124165,3
frederickjackson,7345623,0
janetellis,7436602,8
stephenbrown,28627415,8
bethsmith,9622297,3
dannywilkinson,7137532,4
annagill,7312393,6
victoriapowell,6932436,6
louisfletcher,60290994,7
christinesmith,7395906,6
jemmabray,2317850,9
liamporter,7395825,2
darrenwilson,7303742,8
tobyward,7157169,10
darrenwilson,2554534,1
tinalynch,6531172,5
tobyward,7442629,3
victorconnolly,7489943,4
geoffreyharper,60191546,8
marcuswalker,7414943,7
jenniferharrison,60095849,4
catherineevans,6547974,5
hazelmacdonald,2627558,3
matthewharris,60008954,4
craigstevens,28610148,3
christineferguson,6158110,6
donaldhenderson,6548067,1
neilhunter,6172482,2
teresawilliams,7331789,0
jasonnorris,6365574,0
antonyjohnson,7229690,1
reecemurphy,29021901,8
darrenwilson,29356717,6
marcuswalker,6928498,8
mandystevens,6485693,9
joyceevans,60090464,7
duncanyoung,7478798,9
andreascott,60090464,3
deboraharnold,20634307,6
jacquelineanderson,7148984,7
shirleyhowell,30605601,7
geoffreyharper,25258001,9
edwardpugh,7154844,9
hollylowe,6932436,3
jilledwards,7512392,8
richardbrown,2722771,2
joshuastewart,7428642,5
stephenbrown,6479502,10
liamporter,7136846,7
bethsmith,41490371,9
tobyward,60000651,8
lesliepage,60218053,8
maxelliott,20288905,6
deborahfletcher,983012,2
kateduffy,6498442,4
antonyjohnson,6174434,10
lynncox,60005300,8
ireneyoung,29356717,3
donaldhenderson,7395906,7
grahamross,7173040,1
patrickjohnson,6925065,8
rachelsmith,33994285,8
annagill,2261987,2
georgemartin,20634307,5
karlhall,2550296,8
lesleyking,7161069,1
callummurray,6860672,8
hayleyhoward,60084391,10
jaynefrost,1713272,4
howardingram,25882805,8
joelgoddard,7449232,7
catherineevans,6376673,10
frederickhopkins,6925170,2
lesleyking,3701786,0
holliehardy,60086734,1
jeansavage,7305885,0
karlhall,30448611,7
malcolmparker,6172482,3
daniellewright,20130406,0
stephaniebradley,60008814,4
joyceowen,60186496,1
louisfletcher,60280077,10
sarahadams,7372663,2
kieranrobinson,7111347,0
philipnelson,60297573,1
abdulallen,6498442,1
jodieowens,7443722,10
geraldinewatkins,7119305,6
traceysmith,26327031,9
shaunrobinson,6546048,9
hazelkhan,6922333,5
amberholmes,7175884,2
louiscoleman,7455038,0
adamshaw,28621700,5
adamshaw,27000311,10
neilsmith,7503679,1
davidelliott,2257777,9
kategibbs,6737447,10
neilhunter,2557916,7
hazelo'sullivan,6754120,0
karlhall,44456867,2
louiscoleman,28718860,8
liamporter,60197765,7
lauracarter,7208650,5
geraldwallace,49160060,8
liamporter,7121024,2
brandonhale1,7121016,1
callumsmith,60090480,4
francescajennings,7204884,8
fredericksmith,2570211,0
jodieowens,7436009,5
rachelsmith,60419873,1
shaunrobinson,60294019,1
grahamross,29063507,8
hazelkhan,6548067,9
edwardpugh,6919154,4
angelagriffiths,7226381,0
stuartturner,60280212,1
victoriaclarke,7345631,9
juliewebb,30802873,4
christineferguson,41490371,2
alexanderlewis,6498442,9
marionnicholson,7344260,0
louisfletcher,25882805,0
karlhall,7395825,10
hazelkhan,2115352,7
maureenscott,7120680,8
victorconnolly,2200171,6
fredericksmith,7351739,5
philipharvey,6367224,3
lesleyking,7194226,4
donnalloyd,2198290,0
lauracarter,60392177,7
tobyward,7480229,1
alexanderlewis,7128959,10
victorconnolly,6547982,8
mandycampbell,44406150,1
darrenwilson,7331789,8
lynnewalsh,20160607,8
geoffreyharper,7119356,8
darrenroberts,6925073,8
richardthomas,25790412,7
jessicathomas,30279100,2
conorwallis,2601070,2
emmaward,983012,10
geraldwallace,11495030,9
jemmabray,9537582,9
malcolmrichards,28604199,7
paulhilton,7121105,6
allanwells,2627558,8
duncanyoung,20425201,10
stephaniebradley,30491916,5
hazelmacdonald,20914008,9
richardthomas,6903754,5
dennishoward,1713272,1
jessicathomas,6384234,0
geraldwallace,60099453,6
cliveriley,25226207,0
bradleymurphy,1941038,9
craigstevens,7489447,0
jaymoran,7452209,1
frederickhopkins,2217309,0
maxelliott,33994285,8
donaldhenderson,29048753,4
tinalynch,6903215,8
katearmstrong,7169949,7
hazelkhan,27674010,4
deboraharnold,60160721,10
heathersingh,25370502,5
jeansavage,7263058,9
louisfletcher,7221967,1
jilledwards,6512984,7
guytaylor,60419873,1
conorwallis,6384234,4
rhysbaxter,44408323,10
malcolmwest,28610148,3
elainewebster,60107790,7
francescajennings,7134274,5
craigstevens,6512984,1
malcolmparker,20634307,8
paigecartwright,7136366,2
amberkay,7463332,10
geoffreyharper,7344260,1
carolynedwards,60106883,2
jemmabray,7183747,7
holliehardy,60174021,7
simontaylor,29201357,3
stephenellis,7120389,0
daviddavis,26894165,5
martincollins,7119305,9
teresawilliams,6280838,4
amberholmes,7124473,4
hollylowe,6922678,7
nathanlewis,6939031,8
andreascott,6918026,0
deborahfletcher,7441266,8
malcolmrichards,7413629,5
jodielawrence,28641949,7
geraldinewatkins,27674010,6
ireneyoung,6385680,5
amandalittle,6172075,3
frederickjackson,7207719,6
jemmabray,7260830,10
clivemurphy,7148984,5
geraldinewatkins,6014791,4
janicetaylor,7359071,1
tinagibbons,7174160,8
grahamross,7242905,5
gavinkemp,60159413,10
daniellewright,2179695,0
rhysbaxter,60090499,8
mandystevens,2215888,4
frederickwarren,28604199,8
darrenroberts,26151502,1
annagill,60289007,7
hazelkhan,7139853,3
danielwillis,7262825,3
leighbrown,44456867,1
laurasmith,60098538,6
reecemurphy,6476201,1
deborahfletcher,7163649,10
richardthomas,7481195,3
mollysaunders,7428642,7
mandycampbell,27448002,8
tinalynch,7191480,8
malcolmparker,60113898,0
leonardball,60188065,9
abduldavey,30548365,10
staceylaw,6479278,7
patrickjohnson,60124202,10
donaldhenderson,7289715,1
jilledwards,7107188,2
grahamross,28612663,5
nicolahunt,7161069,3
geoffreyharper,7101082,5
stuartturner,60286857,6
briannash,23054506,9
ireneyoung,60009144,6
conorwallis,7372663,4
shirleyhowell,7436602,2
natashabrown,6499627,3
alexanderlewis,6385680,6
angelagriffiths,7120842,10
deboraharnold,60264551,7
francescajennings,2555123,10
hayleyhoward,30420660,2
josephpowell,7221967,9
melissaphillips,7438885,10
abduldavey,27674010,8
leighbrown,60287616,4
lauracarter,2189399,7
karlhall,25322613,0
jodielawrence,7437285,10
nicolahunt,7435991,9
lauracarter,7111509,7
joelgoddard,6932436,5
hollylowe,60186496,8
amberkay,60186496,8
heathersingh,60280077,8
abduldavey,60090510,10
elainemurphy,7436580,9
stevensmith,600653,7
maxparsons,6514642,5
victoriaclarke,2162687,4
davidelliott,60184051,7
briannash,60085924,0
francescajennings,7321112,3
tobyward,60283017,9
darrenroberts,60106883,1
neilhunter,60283017,4
traceysmith,60006633,2
heathersingh,7418930,1
donnalloyd,60002700,1
hannahtaylor,4182170,9
francesburke,7331789,3
holliehardy,6392490,6
harrybegum,30548365,3
philipharvey,4583299,2
shirleyhowell,60005300,4
stephenellis,6386075,9
joelgoddard,7331843,5
mollysaunders,60275324,4
neilhunter,7478798,2
leighbrown,7312393,7
ericmiller,7463332,4
amberkay,28608313,10
chloehall,6514642,4
hazelmacdonald,27931250,4
brendarogers,20854501,9
briannash,6918026,0
carolynedwards,6541410,5
callumsmith,2200171,9
victoriapowell,6901719,6
francesburke,7241577,10
donnaking,43230288,0
josephpowell,7121016,10
brandonhale1,6541410,2
ericmiller,2310015,3
francesburke,60184051,2
geoffreyharper,6541410,10
martincollins,30845866,10
francescajennings,6924395,10
annagill,7457146,5
clivemurphy,7425295,0
hazelo'sullivan,7264798,10
brucenaylor,20016700,6
donnaking,7175884,1
bradleymurphy,7107951,3
brendarogers,7175752,6
heatherhowell,6903908,5
clivemurphy,30448611,7
darrenroberts,2007118,6
elainewebster,7242972,10
simontaylor,27263177,6
joyceowen,2217309,2
kieranrobinson,60286857,3
josephpowell,310,3
jodielawrence,30182166,0
rhysbaxter,6386075,3
juliewebb,60297573,8
hayleyhoward,2179695,9
harrybrown,26151502,1
leonmoore,60091444,10
callumsmith,7113064,5
maureenscott,29063507,5
darrenroberts,28608313,3
stuartturner,60280891,4
mauricearcher,60095849,7
tinalynch,60166495,1
malcolmwest,29021308,8
maxparsons,28740866,9
shirleyhowell,6486134,7
harrybegum,7180683,9
maxparsons,7489943,3
richardbrown,6388779,7
nicolasingh,7169949,4
martincollins,60197765,1
shirleyhowell,60171472,4
bethsmith,27674010,8
heathersingh,60113898,2
adamgiles,6486134,3
juliewebb,2200171,0
sarahadams,60004878,5
chloehall,6545777,9
lauracarter,6385419,0
jemmabray,7433565,5
matthewharris,6175465,5
staceylaw,2006766,7
amberkay,1880813,3
katherinegreen,7193149,0
bradleymurphy,7143893,7
adamgiles,27818403,5
grahamross,29356717,3
catherineevans,7243006,3
brandonhale1,6176909,5
nathanlewis,60283017,8
patrickjohnson,6903908,6
laurasmith,6482996,2
kateharper,6482708,2
reecepickering,7162219,0
adamgiles,6925170,0
lesleyking,7442912,9
maureenscott,28608135,4
benjohnson,20826621,10
philipnelson,7119550,9
maureenscott,6344623,1
adamgiles,20016700,0
ericmiller,7243006,8
stephaniebradley,7183038,6
shirleyhowell,6920608,8
danielwillis,11089601,3
kieranrobinson,7244665,1
chloegriffiths,20425201,0
lesleyking,6485693,5
shaunrobinson,7213514,5
natashawebster,6479677,9
louiscoleman,27016005,6
chloehall,7512392,7
hollylowe,7320418,1
martincollins,6174434,8
sarahrogers,2257777,6
janicetaylor,6135129,0
jenniferharrison,9622297,5
brucenaylor,28641949,2
lynnewalsh,6932436,10
duncanyoung,28647130,4
ireneyoung,6905048,8
malcolmparker,43850618,4
laurasmith,6174426,10
danielwillis,7436580,4
kathrynjohnson,30491916,1
katemoore,7433565,9
leonmoore,60106883,9
maureenscott,6161413,4
jacquelineanderson,60005696,3
lyndamay,6514944,6
louisfletcher,60082186,3
reecepickering,7207719,10
reecemurphy,6547974,7
angelagriffiths,51693836,10
tinalynch,6514944,1
lesliepage,20854501,4
chloegriffiths,30572967,0
paigecartwright,7467303,0
abdulcampbell,7124473,10
francesburke,2261987,3
elainemurphy,60080957,5
elainemurphy,6485871,9
jacquelineanderson,3142078,0
natashawebster,26203308,7
kathleenclarke,60278870,10
christinesmith,7111347,6
kevinrobinson,4182170,1
rachelsmith,7162219,5
alexandrajenkins,6902324,10
antonyjohnson,6860567,10
denisenash,27000311,7
brendarogers,6483895,3
jilledwards,2627558,4
malcolmparker,60106883,4
abdulallen,6546048,7
nicolesinclair,7115881,3
kateharper,7395825,9
vanessaroberts,7241607,6
antonyjohnson,60098538,9
traceysmith,7156650,10
malcolmparker,28718860,1
geoffreyharper,7175752,6
leonmoore,29021308,1
jessicathomas,7241577,1
jaynefrost,7489943,7
jakecook,24259209,8
martinmason,60298480,10
richardthomas,2200171,4
lesleyking,7383053,4
paulhilton,27227901,0
edwardpugh,43230288,2
leighbrown,7139780,7
davidelliott,6943888,3
stuartturner,7120842,3
louiscoleman,2217309,0
abdulallen,25755854,1
callummurray,60081589,9
patrickjohnson,2257556,2
alicewright,2231026,0
abduldavey,7156650,6
paigekent,2572249,0
ireneyoung,7157312,10
donnaking,60280891,3
paulhilton,25054708,5
rhysbaxter,1880813,8
deboraharnold,60286423,4
hollylowe,7503679,4
alexanderlewis,7274688,1
jeansavage,7115865,10
kieranrobinson,6639224,8
deborahfletcher,51693836,8
neilsmith,6483895,1
jodieowens,28740637,8
heathersingh,2217309,8
amberkay,6280838,2
martincollins,60292652,0
benjohnson,6357830,1
tobyward,7653751,1
amberkay,1712780,7
donnaking,20425201,7
neilhunter,23054506,9
simonbrown,60093692,6
matthewharris,6384285,1
howardingram,6499503,10
grahamross,60419873,2
dennishoward,25258001,3
mauriceallen,60000651,7
laurenmills,7467303,7
bethsmith,28644506,1
richardthomas,6513034,10
briannash,60008954,5
chloehall,60249293,4
stephenellis,28644506,5
traceysmith,2191792,6
adamgiles,6929443,0
danielwillis,60099453,6
heathersingh,7441266,5
brandonhale1,60294019,8
katherinegreen,1941038,5
alexandrajenkins,6915612,2
howardingram,7326602,9
liamporter,60082186,10
jasonnorris,7127596,4
mauricearcher,6384285,7
joyceevans,20583516,10
karlhall,29112400,0
hollylowe,6940943,10
marcuswalker,60135336,1
nathanlewis,30605601,6
malcolmrichards,24259209,6
katemoore,60088915,4
amberholmes,7443722,5
elainewebster,7190611,0
neilsmith,6367224,10
lesliepage,60113898,5
lynnewalsh,7371446,4
natashabrown,6920608,6
malcolmrichards,7120699,8
tinagibbons,7351739,2
carlreid,7208693,3
craigstevens,28711564,0
dannywilkinson,29342104,0
amandalittle,6547982,9
roberthughes,6920608,10
mollysaunders,60107790,1
kieranrobinson,60267895,0
holliehardy,26151502,6
abdulallen,6172075,5
philipnelson,20248504,6
kathleenclarke,7157169,8
danielwillis,6716717,10
richardthomas,2006766,8
ireneyoung,60179074,8
briannash,7437285,4
denisenash,7182988,3
darrenroberts,6511252,7
paigekent,7434936,8
kathrynjohnson,7128959,6
neilhunter,60245328,7
brucenaylor,7140495,9
clivemurphy,25322613,9
abdulcampbell,6903908,1
gavinkemp,7371446,5
stuartturner,6157491,9
joelgoddard,6925855,7
annagill,2117010,1
albertrees,7489943,9
amberkay,7173040,2
kathleenclarke,60182989,2
sandraburton,29342104,0
chloegriffiths,7149662,4
juliewebb,60197870,4
cliveriley,7449232,6
jilledwards,60292652,4
tobyward,60096772,4
reecemurphy,6014791,4
kieranrobinson,60007311,8
natashabrown,7111487,7
jessicathomas,49250205,9
jaymoran,20425201,10
stuartturner,29343607,5
daniellewright,7452209,0
stephaniebradley,7170785,7
daviddavis,6926533,6
victorconnolly,2215888,9
nicolasingh,6357830,2
cliveriley,29177766,1
geraldinewatkins,27263177,1
kateduffy,6716717,1
jodielawrence,60279788,6
tinagibbons,6925170,2
callummurray,60197617,1
maureenscott,30089220,6
matthewharris,7503679,9
callumsmith,7383053,0
paigekent,20425201,3
hazelkhan,6485871,6
danielwillis,6905048,6
grahamross,4182170,2
stevensmith,29342104,4
jacquelineanderson,30353734,3
hazelo'sullivan,7119070,8
benjohnson,7435991,9
daviddavis,7453523,9
kathleenclarke,60273208,4
elainewebster,60191058,10
lesleyking,12426660,2
mauricearcher,6925170,8
callummurray,25948407,0
frederickjackson,6941400,1
richardbrown,29257506,4
daniellewright,7321112,10
darrenroberts,30309654,5
nicolasingh,44408323,3
frederickhopkins,6158110,10
vanessaroberts,43230288,8
leonardball,60088915,4
aimeenorman,20103700,7
meganmitchell,7101082,10
donnalloyd,7350430,10
adamshaw,7136846,7
annagill,7492774,8
amberholmes,6933998,5
joyceowen,28627024,5
meganmitchell,43230288,6
paulhilton,28639006,10
grahamross,60008326,4
sarahrogers,7156650,2
donnaking,20103700,2
nicolahunt,7351739,8
stevensmith,7457146,10
gregoryclarke,6922309,9
lynncox,7267045,9
malcolmwest,9537582,3
antonyjohnson,6485693,1
malcolmrichards,6540910,4
jasonnorris,28644506,4
tinagibbons,20016700,4
leonhunter,60290994,9
donaldhenderson,20372213,10
traceysmith,28604202,4
edwardpugh,7217803,1
jenniferharrison,7204914,7
harrybegum,30605601,2
jilledwards,6353282,5
jodieowens,29356717,0
francesburke,6174426,5
vanessaroberts,20072406,7
laurenmills,2722771,8
mauriceallen,28619838,5
meganmitchell,7113633,5
lauracarter,4182170,0
jilledwards,60096772,7
traceysmith,7242638,0
guytaylor,60199571,8
neilsmith,25226207,1
marcuswalker,25322613,8
jodieowens,6860567,10
leighbrown,7511280,6
rickysmith,28627024,4
gregoryclarke,2162687,7
teresawilliams,60280077,6
carolynedwards,30428769,6
victorconnolly,2179695,3
patrickjohnson,6915612,0
maxparsons,27501604,7
sarahrogers,28633725,10
kategibbs,28627024,10
nicolasingh,60280891,7
liamporter,7122586,3
jilledwards,2550296,6
mauricearcher,60176911,3
martinmason,30182166,9
aimeenorman,7344171,2
jilledwards,7169949,8
traceydale,60176911,10
teresawilliams,28657187,0
geraldinewatkins,6479278,4
janicetaylor,7418701,5
karlhall,6482708,4
edwardpugh,60084677,10
jemmabray,2213763,5
shaunrobinson,20098014,9
daniellewright,1941062,2
aimeenorman,30865727,4
kateharper,7443722,5
jakecook,2189399,9
ericmiller,6480594,3
carolynedwards,7311672,9
edwardpugh,2554569,4
neilsmith,25604406,1
jacquelineanderson,7142161,7
andreascott,6485871,6
daniellewright,6122523,9
brandonhale1,60275189,7
shirleyhowell,7154844,0
malcolmbanks,7436580,7
abduldavey,7101929,6
kevinrobinson,60099453,7
laurenmills,27501604,8
stuartturner,7512392,10
richardthomas,27227901,4
lesliepage,7143478,5
elainewebster,3701786,0
grahamedwards,2200171,3
kathleenclarke,60164662,5
cliveriley,7479611,9
chloehall,7443080,9
bradleymurphy,2189399,8
guytaylor,7345631,2
karlhall,7480229,5
katearmstrong,60164794,5
roberthughes,6499503,1
kathleenclarke,28604202,9
rickysmith,11495030,0
martincollins,60292458,3
maureenscott,6934110,7
sarahrogers,30309654,6
juliewebb,60012757,3
stephenellis,7424604,9
amberholmes,23606924,6
kateharper,29343607,6
malcolmwest,7169914,1
albertrees,30572967,4
simontaylor,6388779,7
elainewebster,7181876,8
jodieowens,7134274,0
francescajennings,6925065,10
stevensmith,60218053,0
briannash,6546048,6
angelagriffiths,7242905,10
maxelliott,29021901,8
tinalynch,7289138,7
annagill,44406150,6
paulhilton,7120842,5
juliewebb,60135336,10
jemmabray,60192283,5
lauracarter,7455054,7
frederickjackson,28627024,9
jodieowens,60179074,7
stephaniebradley,7426194,3
neilhunter,6164331,0
hazelo'sullivan,26124165,4
chloegriffiths,7223773,3
francesburke,27351904,9
marionnicholson,7194226,0
paigekent,60100990,1
karlhall,20188706,2
harrybrown,60011602,2
maxelliott,25005510,7
fredericksmith,51693836,2
katearmstrong,60002697,0
janetellis,49250205,0
louisfletcher,2213763,0
alexanderdavis,7242999,0
sarahrogers,6158056,9
laurasmith,6903754,5
paulhilton,48270660,9
lesleyking,60192356,8
geoffreyharper,7486774,2
leonmoore,6486134,7
geraldinewatkins,7455666,9
sandrastephenson,2162687,9
staceylaw,28718860,5
lauracarter,7101929,5
lesleyking,7393571,9
victorconnolly,2198290,5
elainemurphy,6928498,4
heathersingh,20130406,4
kategibbs,60160721,3
hazelo'sullivan,7262825,1
nicolahunt,7478798,1
jasonnorris,7373619,6
bethsmith,1712780,5
nicolahunt,4586654,0
marionnicholson,6511279,5
darrenroberts,7242980,7
meganmitchell,7191235,4
katherinegreen,2162687,8
malcolmbanks,25755854,9
daviddavis,28621395,5
jasonnorris,11089601,6
alicewright,20854501,6
hazelkhan,60419873,6
stephaniebradley,23248904,2
paulhilton,6928498,8
patrickjohnson,30725003,6
craigstevens,20098014,1
hazelmacdonald,7191480,8
geraldwallace,60294019,0
adamshaw,27501604,10
donaldhenderson,7193149,10
frederickjackson,60106883,0
tobyward,30865727,1
jakecook,2554534,0
sarahrogers,60280891,7
antonyjohnson,7307187,4
traceydale,6511252,5
paigecartwright,30844924,5
katherinegreen,600653,2
sarahrogers,60005696,0
sandraburton,7115865,3
jilledwards,6903754,3
brandonhale1,6512984,7
abdulcampbell,7172907,9
jeansavage,60279699,3
benjohnson,26327031,4
abdulcampbell,30279100,10
craigstevens,29187303,9
jenniferharrison,7120699,0
maureenscott,1712780,7
karlhall,60289007,5
mandystevens,2722771,6
rickysmith,60172495,4
katherinegreen,7204914,2
jakecook,6905153,6
cliveriley,7486774,9
jeansavage,60266880,1
stephenbrown,7359071,8
donaldhenderson,6925065,3
natashabrown,60114789,4
christineferguson,2572249,9
kathrynjohnson,2006898,4
reecepickering,6174434,6
kategibbs,7627270,0
staceylaw,7307187,4
carlreid,7231474,3
kevinrobinson,7223773,9
victoriaclarke,7320418,0
howardingram,60245328,4
alexanderlewis,7231474,4
leonmoore,60192356,9
joyceevans,6158110,3
lesliepage,6903509,6
donaldhenderson,25005510,3
kateduffy,28603788,1
jilledwards,28619838,5
nicolesinclair,6925855,9
albertrees,4182170,10
neilhunter,60246693,6
nicolasingh,7111347,4
katearmstrong,6353282,7
hayleyhoward,7139853,5
kathleenclarke,6920608,2
georgemartin,7119550,6
shaunrobinson,6542565,9
frederickwarren,60191058,2
jemmabray,20914008,9
ericmiller,7433565,7
jessicathomas,7260830,7
paigekent,7359071,9
brandonhale,28644506,6
aimeenorman,7169949,2
jacquelineanderson,2007118,5
bradleymurphy,7455054,10
shirleyhowell,60093692,0
katherinegreen,6548628,4
dennishoward,6511856,2
brandonhale1,7230567,10
natashawebster,2550296,1
andreascott,6483909,9
brandonhale,7229690,1
jemmabray,27931250,1
richardthomas,28621395,2
victoriapowell,6485693,0
kateharper,60106883,4
paigecartwright,60000155,7
victorconnolly,7201095,4
geoffreyharper,60124202,3
holliehardy,7157177,3
hazelkhan,6863787,8
leighbrown,7458207,3
joelgoddard,60090510,4
jaynefrost,2217309,2
malcolmparker,60005300,9
mauricearcher,25948407,9
martinmason,60291257,0
patrickjohnson,7113803,10
craigstevens,7145160,5
davidelliott,28604199,6
janetellis,29342104,0
donnaking,7383053,3
jacquelineanderson,2217309,5
shaunrobinson,60194383,6
briannash,60287616,4
brendarogers,25948407,7
andreascott,6540910,2
daniellewright,60168196,10
jacquelineanderson,7119550,1
clivemurphy,7115865,8
traceysmith,7175191,2
craigstevens,28018745,8
rachelsmith,6903452,6
heathersingh,7455755,8
dannywilkinson,6479278,4
guytaylor,3701786,4
danielwillis,60085924,5
kathleenclarke,30353734,2
mauriceallen,6929311,8
stuartturner,7204884,1
hayleyhoward,6003133,7
daniellewright,6531172,7
kategibbs,2581578,4
matthewharris,60280212,4
dennishoward,7148984,1
stephaniebradley,30279100,7
sarahadams,60099453,8
alexanderdavis,7428642,8
janetellis,6925073,3
deborahfletcher,7424965,1
joyceowen,6476201,8
kategibbs,7492774,6
amberkay,6546048,0
alexanderlewis,7321112,7
angelagriffiths,7230567,1
catherineevans,60086521,9
josephpowell,4589262,1
malcolmrichards,7191480,9
staceylaw,29298601,3
katherinegreen,7455666,3
francesburke,7137508,8
lesleyking,6925847,10
melissaphillips,6548628,8
danielwillis,600653,8
malcolmrichards,27931250,4
briannash,7341423,3
davidelliott,60107103,1
holliehardy,7142161,2
ireneyoung,7436602,6
daniellewright,7413629,10
rickysmith,2554534,4
joyceowen,29241901,3
grahamedwards,7191235,10
juliewebb,60249293,1
georgemartin,28641949,8
lauracarter,7303718,0
rhysbaxter,60186496,9
louisfletcher,60171472,6
geoffreyharper,30865727,0
callumsmith,6376673,0
frederickwarren,30865727,9
alexandrajenkins,7466072,6
alicewright,29187303,3
sarahrogers,60086734,0
callummurray,7321627,4
elainemurphy,6903908,7
neilsmith,2557916,2
conorwallis,60085924,6
mauriceallen,60236353,1
elainemurphy,7455666,4
katherinegreen,60166495,0
brendarogers,30548365,1
kathrynjohnson,7120389,4
sandrastephenson,30576385,9
stephaniebradley,30420660,7
holliehardy,6498442,7
ireneyoung,60191546,0
davidelliott,60164662,5
neilsmith,7341423,0
annagill,6936628,7
daniellewright,2005832,8
mauriceallen,7395825,1
amberkay,60168196,2
howardingram,7627270,0
geraldwallace,6902197,9
deborahfletcher,600653,10
rhysbaxter,20421907,10
traceydale,60223278,9
gavinbrown,7174543,5
maureenscott,60164794,2
clivemurphy,2192357,10
donaldhenderson,25604406,10
frederickwarren,41490371,3
edwardpugh,6918026,3
geoffreyharper,9622297,7
sarahadams,60090499,0
kathleenclarke,60191546,1
fredericksmith,6511856,3
jasonnorris,60194863,2
mollysaunders,6511279,6
kathrynjohnson,6545777,3
heatherhowell,7395906,2
cliveriley,6169511,6
andreascott,7158505,8
stevensmith,30689074,1
stevensmith,60084618,3
stephenellis,20826621,2
ireneyoung,7182465,6
brucenaylor,28608135,6
katemoore,27000311,4
catherineevans,27097803,5
christineferguson,7191480,9
katearmstrong,28604202,4
malcolmrichards,60292652,6
lynncox,7479611,1
joelgoddard,7424965,1
kathrynjohnson,60163100,4
jaynefrost,6511252,6
marcuswalker,60086734,6
lesleyking,27016005,6
leonmoore,28642635,7
deborahfletcher,30309654,10
jemmabray,25473905,5
abdulcampbell,7131631,8
amberkay,60390670,8
marcuswalker,7101082,1
louiscoleman,7500157,4
chloegriffiths,6903509,7
patrickjohnson,20098014,9
deborahfletcher,60286423,9
dannywilkinson,60294019,8
leonhunter,7181337,0
daniellewright,60176911,2
hazelkhan,7379048,0
paulhilton,7175191,7
howardingram,60182989,3
ericmiller,29187303,6
nicolasingh,7436602,10
leonardball,7320418,5
sandrastephenson,29177766,0
donnalloyd,60292652,2
elainemurphy,60199571,9
amberholmes,60112972,4
leighbrown,7172907,2
rickysmith,6485693,2
jaymoran,6385680,7
nicolahunt,6716717,3
amberholmes,27058573,4
paigecartwright,2215888,4
joelgoddard,44408323,3
roberthughes,6514642,8
maxelliott,60193395,8
fredericksmith,60198281,5
donnalloyd,6514944,4
stephenbrown,44408323,4
maureenscott,7305885,4
amberholmes,7503679,8
geraldinewatkins,7512392,7
frederickhopkins,25604406,10
joyceowen,42940486,9
gregoryclarke,28612663,6
geraldinewatkins,60218053,10
daviddavis,4182170,9
abduldavey,60175834,7
craigstevens,7438885,0
natashawebster,60012757,7
joelgoddard,60199571,8
marcuswalker,7101147,8
melissaphillips,7449232,2
meganmitchell,28644506,8
jasonnorris,7156650,3
marcuswalker,60280360,7
tinagibbons,7307187,9
georgemartin,6546048,8
traceydale,6175465,0
brendarogers,7274688,8
stephaniebradley,6514642,0
jaymoran,6174531,6
martincollins,25882805,7
lesliepage,2005212,4
vanessaroberts,6545777,4
stephenellis,9622297,1
elainewebster,60012757,10
lauracarter,7131631,4
nicolesinclair,60090510,1
traceydale,20826621,0
stephenellis,7191235,5
janetellis,7201095,6
robertbyrne,6169511,1
frederickhopkins,6903215,2
katherinegreen,2310015,5
sandrastephenson,7305885,7
sandraburton,7488238,6
francescajennings,7441266,2
chloehall,6161227,7
malcolmrichards,6940935,8
lesliepage,6174426,8
annagill,6384285,9
matthewharris,60280891,9
stuartturner,60090480,7
jessicathomas,7158475,10
shirleyhowell,30572967,6
lyndamay,6929311,0
carlreid,7312393,8
meganmitchell,30802873,2
stephaniebradley,7154933,5
briannash,60002700,6
karlhall,44409230,6
leighbrown,7341830,0
shirleyhowell,6548628,7
christinesmith,30802873,5
paigecartwright,7455585,0
mollysaunders,7157312,1
davidelliott,26329859,7
simonbrown,60166495,3
nicolahunt,7442890,5
briannash,7441266,7
louiscoleman,6482708,10
denisenash,6159915,3
malcolmwest,2206269,5
kategibbs,20425201,3
stephenbrown,7230567,9
elainewebster,27263177,1
simonbrown,27000311,4
jakecook,60186496,8
mollysaunders,7412118,0
patrickjohnson,60175028,8
cliveriley,7383053,1
joyceowen,7489943,2
stephenellis,60294019,2
duncanyoung,7443498,10
alexanderlewis,30735467,0
abduldavey,27501604,8
antonyjohnson,26327031,3
harrybrown,6479502,7
hazelmacdonald,60159413,0
teresawilliams,6929311,0
geraldwallace,7540035,1
malcolmwest,30279100,6
leighbrown,2247410,0
georgemartin,7204884,2
duncanyoung,7447329,2
harrybegum,7157169,9
jemmabray,7182988,4
lauracarter,27263177,5
joyceowen,6172482,7
amberholmes,6923038,4
jacquelineanderson,2195372,8
harrybegum,60086254,4
stephenellis,7455666,0
lynnewalsh,7190611,4
richardbrown,60090499,9
abdulallen,7446977,3
brandonhale1,6479677,6
mandystevens,7242980,5
paulhilton,23604905,8
duncanyoung,7486774,4
nathanlewis,7312393,9
nathanlewis,7449232,5
katemoore,25258001,1
matthewharris,7183747,10
georgemartin,7373619,5
maxelliott,7303742,4
richardbrown,7212917,8
janetellis,7136366,4
holliehardy,7231474,5
stephenbrown,3142078,9
neilsmith,3701786,7
staceylaw,7341423,7
natashawebster,6754120,5
hannahtaylor,30420660,7
paigecartwright,29024501,5
dannywilkinson,2554569,1
kieranrobinson,6903215,6
natashawebster,30448611,3
mauricearcher,2201224,5
alexanderlewis,7436009,1
allanwells,60081589,1
meganmitchell,2581578,8
joshuastewart,7479611,10
briannash,6479502,7
sarahrogers,60146931,4
heatherhowell,60086254,7
jacquelineanderson,7134274,5
karlhall,60188065,1
vanessaroberts,29356717,0
jessicathomas,60271868,4
cliveriley,7414943,10
malcolmwest,7305885,10
brandonhale,6925170,6
antonyjohnson,7436629,3
kathrynjohnson,7478798,8
brandonhale1,7137508,3
paigecartwright,7653751,4
mauriceallen,60093692,1
albertrees,11089601,4
patrickjohnson,60005505,4
donnaking,1941119,0
harrybrown,20424108,8
simonbrown,28657187,9
victoriaclarke,1656136,7
staceylaw,1713272,9
kategibbs,7321112,0
adamshaw,60297573,9
frederickhopkins,6925065,2
tinalynch,20072406,9
juliewebb,21823324,8
carlreid,2007118,1
duncanyoung,6532284,5
clivemurphy,6482996,0
grahamross,7193149,7
victoriaclarke,7442432,5
allanwells,25258001,0
carolynedwards,6940935,1
geraldwallace,24259209,8
howardingram,60008326,10
craigstevens,60197617,7
grahamross,30689074,10
katemoore,60172770,4
philipnelson,7124473,2
briannash,7157169,6
paigecartwright,6176909,10
elainemurphy,60005300,2
melissaphillips,30818605,6
mauricearcher,7305885,5
adamshaw,7156359,4
georgemartin,60100990,7
leighbrown,2217309,3
jessicathomas,6483895,9
patrickjohnson,6384285,1
paulhilton,30420660,3
maxelliott,7119305,3
sandraburton,26124165,9
hannahtaylor,6920608,4
carlreid,2005212,8
meganmitchell,7511280,1
natashawebster,7120796,3
daniellewright,60279699,4
conorwallis,2189399,8
annagill,7209061,1
traceydale,23248904,7
frederickjackson,48271209,8
louiscoleman,7163649,6
chloegriffiths,7204884,9
aimeenorman,7321112,0
albertrees,6479278,5
malcolmparker,29048753,10
antonyjohnson,60008814,1
denisenash,6934110,8
francescajennings,1941062,2
paigekent,7143478,8
joyceevans,60135336,8
simontaylor,26124157,8
vanessaroberts,60177837,1
lynnewalsh,30845866,2
craigstevens,7331843,3
alexanderdavis,23054506,6
laurenmills,28711564,3
darrenwilson,6540910,8
annagill,7333463,6
lynncox,60435674,5
reecepickering,7487967,9
victoriapowell,7379048,1
louisfletcher,6513034,9
malcolmwest,6716717,9
hazelkhan,6338267,7
brandonhale,60006617,9
grahamedwards,7455038,8
jakecook,6546048,4
reecemurphy,27097803,6
francesburke,60392320,1
frederickjackson,28619838,3
edwardpugh,28612663,1
grahamross,29112400,10
chloegriffiths,7379048,7
malcolmbanks,6482708,4
joelgoddard,7436009,1
deborahfletcher,60146710,10
aimeenorman,7229690,6
jaymoran,60081279,0
juliewebb,60007834,7
dennishoward,2257556,10
malcolmrichards,7489447,1
sandrastephenson,6158110,10
lesleyking,27501604,8
janicetaylor,6512984,0
karlhall,60390670,10
christinesmith,6914128,4
benjohnson,29021308,3
jakecook,1941062,10
jodieowens,7540035,5
katherinegreen,7411995,0
clivemurphy,60197765,1
juliewebb,30548365,0
jaymoran,6511260,0
tobyward,20209851,7
brandonhale1,60008954,2
hazelkhan,7443501,1
malcolmwest,60007834,9
maxelliott,7274688,1
davidelliott,7242956,8
marcuswalker,7331843,5
guytaylor,43510728,8
duncanyoung,28610148,6
hazelkhan,6903908,2
stephenellis,7120818,9
deborahfletcher,7203306,8
antonyjohnson,60088613,3
christineferguson,7436580,1
abdulallen,7271174,3
bradleymurphy,7344171,0
bethsmith,60286423,2
jasonnorris,7436602,8
heatherhowell,20188706,3
jodielawrence,7217803,4
callummurray,6479278,5
louisfletcher,48080128,7
dennishoward,49250205,9
conorwallis,30619440,6
tobyward,20425201,4
hayleyhoward,30309654,4
nicolesinclair,7436580,3
geraldinewatkins,7208650,6
dannywilkinson,6338267,3
frederickwarren,60186496,9
sarahrogers,20209851,5
holliehardy,30725003,4
amberkay,7242638,2
gavinkemp,6122523,9
lauracarter,28621700,10
amberkay,7350430,6
grahamross,7371446,0
traceysmith,48080128,7
hazelmacdonald,7436629,0
lauracarter,60100990,8
paulhilton,60008954,3
marcuswalker,6380905,1
frederickjackson,7242972,1
shirleyhowell,60198281,8
jaymoran,7511280,9
emmaward,60283017,5
darrenwilson,7175752,9
grahamross,7174543,0
joyceowen,60099453,4
marcuswalker,60184051,1
paigecartwright,24021504,2
stephaniebradley,60245328,2
maxparsons,60106883,9
bradleymurphy,6929451,10
craigstevens,6749119,4
sarahadams,6934110,9
jakecook,2317850,1
philipharvey,6482996,2
abdulallen,6860648,7
leonmoore,6367224,8
rhysbaxter,6175465,6
elainemurphy,43850618,2
leonmoore,7207719,4
victorconnolly,7487967,1
laurenmills,7134274,4
tinalynch,6172075,1
donnalloyd,30184363,2
mandystevens,7489943,8
duncanyoung,30689074,7
janetellis,7230567,5
darrenwilson,7156650,6
vanessaroberts,7411995,1
malcolmwest,7424604,1
grahamross,20103700,2
gavinkemp,7438885,8
gavinkemp,29356717,8
adamgiles,60191279,7
katherinegreen,7139853,2
amberkay,7242999,2
jilledwards,60090499,8
malcolmparker,6929443,6
stevensmith,7244002,10
gavinkemp,6542565,2
shirleyhowell,60100990,6
liamporter,60007834,7
hannahtaylor,7461259,10
kateduffy,27227901,7
cliveriley,7207719,0
deborahfletcher,43850618,9
frederickwarren,7442890,9
kathleenclarke,7120842,5
hazelo'sullivan,6546048,4
sarahrogers,7181337,2
leighbrown,6161227,6
richardbrown,60088907,0
victoriaclarke,60246693,9
grahamross,7438885,4
daniellewright,6914128,5
briannash,7452209,5
sandraburton,30548365,7
ericmiller,6915612,10
fredericksmith,2213763,3
rickysmith,60196319,10
brandonhale,28604199,7
alexanderdavis,6532284,4
jeansavage,7113803,4
alexanderdavis,60090553,7
paulhilton,30689074,1
victorconnolly,7312393,7
mandycampbell,6907237,1
marionnicholson,28627415,4
jessicathomas,60012757,0
cliveriley,12426660,5
edwardpugh,6365574,8
joelgoddard,7143486,2
brucenaylor,7111347,9
donaldhenderson,30089220,6
guytaylor,60114789,6
paigekent,28018745,10
richardbrown,7128959,6
francescajennings,7242956,1
briannash,7263058,5
roberthughes,7436602,2
tobyward,7627270,0
gavinbrown,7142161,5
frederickjackson,6754120,2
fredericksmith,60176911,5
frederickwarren,6483011,3
paigekent,7389876,8
deboraharnold,7395825,2
lauracarter,7243006,7
hazelo'sullivan,60146710,6
victorconnolly,7120680,10
shirleyhowell,6902197,2
nicolahunt,6932436,9
tinagibbons,7323786,7
annagill,6540910,6
lyndamay,6860567,4
brucenaylor,28711564,1
heathersingh,6907237,7
briannash,30818605,9
jenniferharrison,7395825,10
bradleymurphy,7379048,9
danielwillis,6511260,2
teresawilliams,60252391,6
hazelo'sullivan,30279100,5
rachelsmith,6122523,3
amberkay,7115865,2
kevinrobinson,60124202,2
deborahfletcher,60134216,5
stevensmith,48270660,3
donnalloyd,6926533,6
aimeenorman,20248504,6
lynncox,7242980,9
alexanderlewis,7111347,0
vanessaroberts,74326,1
andreascott,30309654,1
brandonhale1,48271209,10
vanessaroberts,60164794,8
juliewebb,28633725,7
chloehall,7157169,9
harrybegum,60297573,0
paulhilton,7373619,6
brendarogers,7137532,3
callummurray,9622297,1
antonyjohnson,28636589,1
edwardpugh,7182988,9
angelagriffiths,28740637,6
lauracarter,6919154,8
stephenellis,30491762,1
geraldwallace,7447329,10
alexandrajenkins,60002069,3
kategibbs,7169914,8
lyndamay,7170785,1
daniellewright,7217803,6
francesburke,7305885,2
malcolmparker,7433565,5
georgemartin,30448611,3
grahamedwards,6901719,0
joshuastewart,7202474,2
jacquelineanderson,24021504,6
kieranrobinson,7139853,3
josephpowell,7264798,3
amberkay,30844924,8
mandystevens,6905048,0
robertbyrne,28740866,9
joyceowen,28604199,0
jenniferharrison,6486134,10
stevensmith,6910181,5
antonyjohnson,30735467,3
jemmabray,7139853,0
leonardball,7455038,10
kateharper,21823324,1
edwardpugh,43510728,4
meganmitchell,2629704,0
chloegriffiths,2206269,8
malcolmrichards,20914008,3
vanessaroberts,26151502,9
heathersingh,60007834,6
malcolmwest,60297018,4
donnaking,7113633,10
vanessaroberts,6925855,10
leighbrown,60159413,10
joyceowen,28635949,10
harrybegum,2554534,2
donnalloyd,60223278,0
lesliepage,7159013,9
victoriapowell,30693012,2
danielwillis,60088176,9
martincollins,43850618,10
kathleenclarke,7204914,3
dennishoward,6169511,6
jodielawrence,7303718,5
dannywilkinson,26151502,0
rickysmith,2206269,7
staceylaw,7120842,1
heathersingh,27097803,1
jilledwards,44402457,1
staceylaw,6925073,9
nicolahunt,60124350,5
kateharper,6919154,2
callumsmith,7143893,2
vanessaroberts,7458207,1
stuartturner,7212917,3
abduldavey,7307187,4
malcolmbanks,6545777,3
katearmstrong,7145373,9
elainemurphy,7333463,8
juliewebb,4182170,4
sandrastephenson,7434936,1
tinalynch,25473905,5
francesburke,30182166,3
elainemurphy,7154844,3
chloegriffiths,29117062,6
briannash,27931250,2
paigecartwright,28627024,4
craigstevens,60193395,4
teresawilliams,7274688,7
joyceevans,60084391,10
andreascott,2629704,2
chloehall,30725003,4
denisenash,6903355,5
gavinbrown,7223773,2
richardthomas,12458120,10
frederickhopkins,6512984,7
karlhall,6919154,4
martinmason,23258802,7
donnaking,7436580,4
laurenmills,60008326,10
matthewharris,7235585,10
jessicathomas,1713272,6
traceydale,60008954,8
alicewright,7540035,4
daviddavis,6749119,7
stephenbrown,47990023,0
harrybrown,2200171,0
karlhall,20072406,3
reecemurphy,7154933,1
karlhall,7161069,8
josephpowell,7119356,8
dennishoward,60280891,5
hazelkhan,6905153,6
shaunrobinson,7500157,7
jaynefrost,2006766,4
ericmiller,11495030,4
malcolmparker,2554534,8
kieranrobinson,7289715,3
bradleymurphy,7154844,2
maxelliott,2117010,7
janetellis,7462271,7
abdulcampbell,28603788,6
joyceevans,60169648,6
abdulcampbell,60392177,4
tinalynch,60280891,6
elainewebster,6547974,1
deborahfletcher,7433565,3
catherineevans,2200171,7
mandycampbell,26329859,2
liamporter,7418701,1
lyndamay,6498442,2
richardbrown,6513034,7
carlreid,6918026,6
victoriapowell,7180683,7
gavinbrown,60095849,5
abdulallen,2554569,6
neilhunter,6545777,4
karlhall,60124350,5
natashabrown,60273208,6
allanwells,28635949,10
nicolesinclair,7488238,10
ireneyoung,6164331,9
dannywilkinson,7156634,10
hollylowe,6929311,0
josephpowell,7414943,10
christineferguson,28621700,8
mandycampbell,6174426,6
gregoryclarke,6925170,2
gavinbrown,11495030,5
lesleyking,6174426,5
callummurray,6755240,6
laurasmith,6914128,8
gregoryclarke,4583299,4
gavinkemp,30764106,0
victoriapowell,7418930,0
abduldavey,26327031,6
duncanyoung,24259209,0
neilsmith,7111509,0
lesleyking,60084677,9
craigstevens,7371446,10
mandycampbell,60166495,3
jaymoran,7136366,0
elainemurphy,7433565,7
callummurray,7107951,6
ireneyoung,7463332,0
paulhilton,25755854,10
gavinkemp,7325533,4
catherineevans,6940935,6
francescajennings,25755854,1
alexanderlewis,7242905,3
jakecook,7466072,8
martinmason,60172495,1
stevensmith,7425295,7
jakecook,28612663,8
paigekent,43510728,7
holliehardy,6925073,3
catherineevans,30428769,3
amberholmes,60266880,10
stephenellis,7119356,3
malcolmbanks,2217309,3
deborahfletcher,7302304,8
louisfletcher,6392679,6
daniellewright,8205346,0
liamporter,60005300,5
traceydale,7481195,7
abdulcampbell,28604016,10
victoriaclarke,44402457,10
shirleyhowell,7139853,2
traceysmith,6922309,3
malcolmparker,7285965,4
hannahtaylor,28636589,10
bradleymurphy,28636589,10
dennishoward,7159013,8
melissaphillips,6159915,2
laurasmith,7224125,7
brandonhale1,7500157,7
patrickjohnson,6392679,1
abdulcampbell,7242980,5
frederickwarren,20248504,4
traceydale,7232241,7
jeansavage,7235585,9
mauricearcher,60280891,4
jilledwards,60191546,2
philipnelson,25604406,10
jacquelineanderson,60280077,4
geoffreyharper,60390670,2
deboraharnold,29298601,9
stephaniebradley,7136366,8
mandystevens,6483909,8
ericmiller,6547982,3
martinmason,12458120,3
amberholmes,60245328,1
darrenroberts,25005510,0
mauriceallen,7169914,9
paigecartwright,30600413,0
chloegriffiths,7120699,4
bradleymurphy,28612663,8
clivemurphy,29192102,2
heatherhowell,7500157,8
dannywilkinson,60164662,3
antonyjohnson,7202474,5
nicolesinclair,60164662,7
martincollins,7242980,10
clivemurphy,60218053,4
howardingram,7190611,9
janicetaylor,60011602,1
stephenellis,7136846,10
allanwells,7242972,1
stevensmith,60175834,3
nicolasingh,6154018,8
melissaphillips,7224125,7
emmaward,6546048,5
kathrynjohnson,6926525,5
christinesmith,60275189,1
simontaylor,60289007,3
leonardball,7212917,5
donaldhenderson,2006898,8
jasonnorris,26124157,9
deboraharnold,7491433,6
traceysmith,60009144,9
ireneyoung,28018745,8
marcuswalker,7436602,6
tinalynch,60246693,4
stephenellis,6640613,9
martinmason,7119356,4
geraldwallace,7435991,1
denisenash,983012,8
guytaylor,6543707,7
alexandrajenkins,7181876,7
jacquelineanderson,7191480,3
elainemurphy,7175191,9
lynncox,6385419,4
alexanderdavis,6902197,5
dennishoward,6936628,0
robertbyrne,7120389,4
jeansavage,7481195,0
victorconnolly,7169949,1
heatherhowell,7138873,0
mandycampbell,7107951,10
martinmason,7144490,7
carolynedwards,7115865,3
allanwells,2581578,0
conorwallis,28635949,1
lesliepage,7124066,10
kateduffy,3701786,2
stevensmith,7122586,4
tinagibbons,6353282,8
brandonhale,60088915,6
maxparsons,7213514,9
katearmstrong,7182988,3
tinagibbons,7345631,2
donnalloyd,7158505,6
marcuswalker,28740122,7
leighbrown,29021901,8
denisenash,6542379,4
leonmoore,4586654,7
jemmabray,60392320,4
roberthughes,6175465,8
jeansavage,7457065,3
abdulcampbell,6174434,1
donnalloyd,28633725,5
rhysbaxter,29343607,9
donaldhenderson,60007796,10
karlhall,6860672,9
fredericksmith,30089220,10
emmaward,60273208,7
kateduffy,29112400,4
simonbrown,44406002,6
catherineevans,7242999,9
lynnewalsh,6934110,7
robertbyrne,7235585,0
elainewebster,60286423,1
malcolmrichards,60246693,1
denisenash,29298601,0
roberthughes,7271174,5
leonmoore,30081149,6
jemmabray,60297573,4
hazelmacdonald,7436009,8
stephenellis,6860567,8
grahamedwards,21823324,9
christinesmith,28641949,1
hazelkhan,7320418,10
hazelkhan,60280360,3
brandonhale,8205346,9
teresawilliams,30420660,4
stephenbrown,60194863,2
georgemartin,7101929,5
bethsmith,7143486,5
louisfletcher,60090499,10
kathrynjohnson,2722771,0
nathanlewis,29343607,8
jacquelineanderson,7418701,5
victoriaclarke,60011602,1
reecemurphy,43600697,1
daniellewright,60000651,7
callumsmith,28740122,4
alicewright,23258802,6
brandonhale,7436602,0
tobyward,20103700,0
rickysmith,6919154,2
hazelmacdonald,60168196,8
guytaylor,7442912,10
rachelsmith,7161069,10
guytaylor,26329859,8
natashawebster,27818403,3
bethsmith,2601070,2
stephenbrown,1880813,0
grahamross,39985,6
hannahtaylor,60390670,10
andreascott,60164662,1
annagill,6158110,6
duncanyoung,6860567,1
laurasmith,26203308,7
brandonhale,7157312,10
stephaniebradley,2201224,3
neilsmith,60086254,0
stevensmith,28711564,4
richardbrown,60124202,4
kieranrobinson,20854501,1
natashawebster,60090553,7
richardthomas,60289007,9
janicetaylor,7442432,7
alexanderdavis,6903215,8
amberkay,21823324,6
darrenroberts,6716717,3
katemoore,9622297,6
amberkay,7158033,10
janicetaylor,7119356,7
matthewharris,6386075,6
danielwillis,60197870,4
malcolmwest,7252609,3
tinalynch,20424108,7
frederickwarren,7121024,10
lesliepage,6903215,5
martinmason,7126964,5
katearmstrong,28740866,5
nicolesinclair,2261987,6
stephaniebradley,6386075,10
malcolmwest,60392177,3
nicolesinclair,7194226,5
abdulallen,60006617,2
victoriapowell,60113898,9
clivemurphy,6545777,5
carlreid,60011602,8
annagill,7455755,10
jenniferharrison,7455038,1
conorwallis,42940486,8
jodielawrence,6511260,6
philipnelson,60287934,3
benjohnson,6174426,3
darrenroberts,6933998,4
craigstevens,7455666,0
annagill,7194226,0
jacquelineanderson,7383053,6
brendarogers,60002700,3
darrenwilson,3142078,5
aimeenorman,60271868,1
stephenellis,7274688,3
stevensmith,6483909,7
maxparsons,60002697,10
maureenscott,6483011,1
chloegriffiths,7173040,4
davidelliott,7373651,10
louiscoleman,60086521,10
amandalittle,7122586,10
aimeenorman,7424922,6
louiscoleman,7271174,1
louiscoleman,1955071,5
paulhilton,6545777,2
jilledwards,7341423,4
jacquelineanderson,2317850,4
francesburke,7145160,1
joyceowen,2554534,0
howardingram,27016005,8
annagill,60163100,0
callummurray,6514944,10
abdulcampbell,7119305,0
hazelmacdonald,6941400,0
fredericksmith,49250205,1
richardthomas,7320418,1
stephenellis,20248504,4
malcolmwest,60191546,5
joelgoddard,60298480,9
davidelliott,27097803,5
kathrynjohnson,7373619,10
elainemurphy,60252391,0
angelagriffiths,6860672,2
malcolmrichards,6737447,2
tinagibbons,48080128,4
denisenash,60267895,3
callumsmith,60435674,2
joelgoddard,6920608,9
grahamross,44456867,7
maureenscott,6863787,8
malcolmbanks,7503679,8
daniellewright,6639224,8
roberthughes,2231026,9
alicewright,7458207,2
reecepickering,7201095,4
mandycampbell,60097833,2
davidelliott,27814319,3
angelagriffiths,28603788,5
abdulallen,20854501,2
frederickhopkins,44456867,4
leighbrown,25258001,5
joyceevans,60177837,7
janicetaylor,7413629,6
victoriapowell,60291257,7
martincollins,60135336,3
deboraharnold,7479611,8
benjohnson,7131631,6
katemoore,7111347,2
francesburke,7144490,7
angelagriffiths,30428769,8
denisenash,60090499,10
brandonhale1,60278870,10
mauriceallen,7457065,3
kathleenclarke,7389876,0
bradleymurphy,7242638,3
leonhunter,7331495,1
sandraburton,6482996,0
robertbyrne,7326602,7
marionnicholson,6548024,5
maureenscott,6546048,3
robertbyrne,29161800,3
shirleyhowell,6943888,5
malcolmwest,7145373,1
malcolmrichards,1955071,6
brandonhale,1712780,5
holliehardy,60264551,4
maxparsons,60000155,5
brandonhale1,27931250,1
victorconnolly,30693012,6
carolynedwards,7321112,2
jemmabray,7373619,4
andreascott,7395906,9
jaynefrost,2629704,7
lauracarter,2261987,3
martinmason,7418930,1
lesleyking,2317850,9
ericmiller,60096772,5
elainemurphy,7455054,0
alexanderlewis,60435674,6
joshuastewart,60419873,9
angelagriffiths,1712780,7
stephenellis,7158505,7
roberthughes,74326,4
mandystevens,7121016,5
darrenroberts,6135129,5
robertbyrne,27818403,0
janetellis,60223278,3
harrybegum,7441266,7
hazelkhan,7139780,6
christineferguson,44408323,2
christinesmith,60193395,4
malcolmwest,6499473,7
benjohnson,7503679,5
angelagriffiths,2174618,6
stephenellis,7262825,1
deborahfletcher,7138873,5
katemoore,2006766,9
jilledwards,6640613,9
joyceevans,6388779,9
alexanderlewis,60112972,4
richardbrown,23248904,9
kateharper,60280212,0
howardingram,6158056,9
craigstevens,26124157,3
georgemartin,7331843,3
hollylowe,7113633,0
dannywilkinson,7111487,0
shirleyhowell,7260830,8
abdulcampbell,7320698,5
lynncox,7444788,2
allanwells,44409230,6
mandycampbell,6482996,7
jemmabray,60194383,7
amberholmes,60113898,1
aimeenorman,7323786,3
rachelsmith,60081589,5
francescajennings,27227901,4
hollylowe,28608135,8
nathanlewis,7271174,7
tinagibbons,43230288,6
richardbrown,60287616,2
adamgiles,20425651,9
tinalynch,60084391,7
maxparsons,60166495,7
brandonhale1,7478798,4
alexanderlewis,7437285,9
malcolmrichards,28621700,5
stephaniebradley,2557916,5
alexanderlewis,7481195,2
howardingram,2179695,0
briannash,7101929,5
alicewright,7371446,1
patrickjohnson,7491433,5
joelgoddard,28621700,3
rachelsmith,6513034,1
carlreid,1941119,10
janicetaylor,60218053,3
georgemartin,2117010,1
grahamross,6548628,5
rickysmith,2006766,0
malcolmrichards,7449232,1
aimeenorman,7485638,10
hollylowe,28642635,6
lauracarter,7299311,9
kateharper,25948407,3
stephenellis,28633725,0
georgemartin,23248904,4
rickysmith,28718429,2
nicolasingh,28718429,5
lynnewalsh,7441266,5
philipnelson,6520338,8
hazelkhan,7127596,3
bradleymurphy,7136846,3
louisfletcher,30605601,5
edwardpugh,7443498,4
frederickjackson,47990023,9
kateduffy,7181337,7
traceydale,2572249,10
josephpowell,7149662,0
albertrees,7173040,4
darrenroberts,7373619,9
donaldhenderson,20209851,4
amandalittle,20188706,1
hayleyhoward,7455054,7
katemoore,29063507,7
mandystevens,7457146,3
donaldhenderson,30844924,1
clivemurphy,6929451,0
mauricearcher,43510728,3
janetellis,6385419,5
teresawilliams,60245328,4
kieranrobinson,6542379,9
janicetaylor,7111452,0
richardthomas,2627558,7
jeansavage,7331843,7
grahamedwards,6934110,2
tinalynch,60172495,0
paigecartwright,7175752,1
bethsmith,29112400,7
grahamedwards,7489447,8
danielwillis,60286857,4
conorwallis,7203306,8
amberholmes,7120842,6
deborahfletcher,7244665,7
rhysbaxter,7183747,4
jodielawrence,7341830,0
leonhunter,6158056,8
jaynefrost,30353734,9
chloegriffiths,6936628,4
dannywilkinson,27501604,2
teresawilliams,6925855,9
janetellis,29215978,8
gregoryclarke,60084677,7
allanwells,7485638,7
amberkay,7119356,5
darrenwilson,7461259,10
amberholmes,44409230,10
tinalynch,7242980,7
guytaylor,7242972,9
brendarogers,42525195,0
danielwillis,7372663,4
catherineevans,48271209,9
stephenbrown,7389876,2
mauricearcher,7212917,3
paigekent,60002700,10
donnaking,8205346,3
albertrees,29187303,10
katemoore,28718860,8
grahamross,7321627,6
kateharper,60169648,0
gavinbrown,6932436,9
melissaphillips,30764106,0
paigekent,60006617,2
kateduffy,7307187,7
katearmstrong,2007118,9
leighbrown,28639006,10
hazelkhan,60084677,10
jemmabray,6392490,0
louisfletcher,7482817,0
marionnicholson,7455755,1
karlhall,28610148,4
traceysmith,7162219,5
roberthughes,28740866,9
reecemurphy,7156359,9
simonbrown,7182988,6
mandycampbell,6158056,10
andreascott,60278870,7
lesleyking,28604199,8
natashabrown,23248904,8
traceysmith,7373651,2
fredericksmith,7124066,6
kevinrobinson,6903207,3
grahamross,7213514,5
antonyjohnson,60249293,10
callummurray,20961502,4
jasonnorris,9537582,8
philipharvey,26124165,5
hayleyhoward,60290994,3
natashawebster,2261987,2
abduldavey,6164331,1
heathersingh,7224125,5
abduldavey,28627024,0
jakecook,6904017,8
rachelsmith,9323231,6
josephpowell,600653,3
joelgoddard,60088176,4
denisenash,60298480,5
sarahadams,6903754,9
elainemurphy,30523362,7
leonhunter,7193149,9
victoriaclarke,26329859,1
darrenroberts,7345623,7
reecemurphy,6716717,10
mandycampbell,20425201,1
mandycampbell,6514642,8
hannahtaylor,27016005,1
fredericksmith,28647130,8
jaynefrost,7139780,7
chloehall,6385680,4
richardbrown,60081279,6
victorconnolly,7462271,10
hollylowe,29356717,10
meganmitchell,7461259,0
guytaylor,7203306,10
jilledwards,25005510,10
abdulallen,7303718,5
darrenroberts,7260830,10
richardthomas,7241577,3
laurasmith,7119070,3
philipnelson,6385680,1
amberholmes,30572967,2
alexandrajenkins,7145160,6
maxparsons,7163223,5
philipharvey,6902324,7
amandalittle,60007834,3
hazelo'sullivan,60197765,6
frederickwarren,60124202,9
gavinbrown,6161413,4
neilsmith,60267895,4
joshuastewart,60091444,3
christinesmith,60124350,9
richardbrown,7181337,2
katemoore,60435674,10
leonmoore,7443722,4
victorconnolly,7333463,6
traceydale,27448002,4
aimeenorman,1712780,5
shaunrobinson,6925065,2
jaynefrost,60114789,1
victorconnolly,6863787,6
katemoore,7457065,4
paulhilton,7115865,2
leonmoore,6158056,10
edwardpugh,7115865,5
maxparsons,7120796,4
leighbrown,7242956,6
hannahtaylor,7480229,7
gregoryclarke,60163100,7
louiscoleman,60093579,6
angelagriffiths,30818605,9
nicolasingh,29021901,4
nicolasingh,7462271,4
tinalynch,7207719,7
martincollins,9622297,8
gavinbrown,60107103,2
matthewharris,6520338,4
jasonnorris,7302304,0
deborahfletcher,60280077,10
sandrastephenson,7271174,5
catherineevans,7241577,10
simonbrown,7452209,0
geraldwallace,28604202,2
katherinegreen,7457065,5
antonyjohnson,7182988,2
karlhall,60196319,10
alexanderlewis,27000311,6
geraldwallace,49250205,1
nicolesinclair,7457952,0
leonhunter,6933971,1
richardbrown,7511280,1
amberkay,6548628,7
darrenwilson,7299311,5
danielwillis,60113898,7
shirleyhowell,7373651,1
edwardpugh,25471600,1
craigstevens,7207719,4
deborahfletcher,60390670,5
karlhall,7119356,1
hannahtaylor,2007118,10
vanessaroberts,6174531,6
bradleymurphy,7120699,4
jenniferharrison,60005505,8
kathleenclarke,7489447,6
ireneyoung,6485693,9
alexanderdavis,2179695,5
clivemurphy,7221967,9
lynncox,44406002,2
amberkay,6122523,10
staceylaw,60286857,7
gavinbrown,7455755,1
daniellewright,60191279,6
heatherhowell,60160721,3
rhysbaxter,2198290,6
mauriceallen,7395906,8
harrybrown,7443722,7
alexandrajenkins,7157169,10
kathleenclarke,7221967,3
juliewebb,28740122,7
callummurray,28612663,5
angelagriffiths,7455054,5
maureenscott,7170785,2
neilhunter,30182166,10
antonyjohnson,60279788,5
kateduffy,7481195,2
heatherhowell,7208693,6
stuartturner,60114789,2
karlhall,7424604,5
guytaylor,2550296,5
shirleyhowell,6639224,5
lynnewalsh,7303718,2
martincollins,20583516,3
callumsmith,6486134,10
craigstevens,27016005,0
hannahtaylor,6513034,7
stephenbrown,60191546,2
heathersingh,1656136,2
benjohnson,29161800,0
adamshaw,7455755,3
juliewebb,60273208,10
elainewebster,7457065,2
kieranrobinson,7442912,8
mandystevens,2200171,5
gavinbrown,2179695,8
frederickwarren,7139780,1
amandalittle,7208650,6
richardbrown,7394764,6
allanwells,6545777,1
katherinegreen,7163223,10
jasonnorris,29161800,5
vanessaroberts,7120389,0
bethsmith,7208693,4
malcolmwest,6386075,8
louisfletcher,43600697,0
nicolasingh,60100990,9
leighbrown,6939031,10
neilhunter,7101147,0
amandalittle,6532284,9
sarahadams,6940943,9
hollylowe,7331843,4
martincollins,6903355,3
grahamross,6144748,5
leighbrown,60175028,10
nicolesinclair,6940935,7
emmaward,30845866,2
chloegriffiths,60005300,7
jodieowens,7175752,7
darrenroberts,25258001,5
jasonnorris,24021504,8
meganmitchell,23535717,1
rhysbaxter,7212917,7
jaynefrost,1941062,9
conorwallis,7173040,0
stephenbrown,7136846,1
deborahfletcher,7181337,8
reecepickering,60163100,9
nathanlewis,7433565,5
brandonhale,2317850,1
carlreid,60197765,5
maxelliott,60286423,10
abdulallen,6144942,3
brucenaylor,60090464,3
geraldwallace,60088613,6
hayleyhoward,6511279,9
jaymoran,60292652,3
brendarogers,60211334,7
abduldavey,30576385,7
hazelo'sullivan,2257556,4
kevinrobinson,7111487,5
daniellewright,60267895,0
lesliepage,7506619,6
gregoryclarke,7169914,8
stephenellis,28603788,7
harrybrown,7134274,5
lynncox,44409125,6
shirleyhowell,29303303,5
brendarogers,60082186,9
robertbyrne,60266880,7
mauricearcher,41490371,0
brucenaylor,28718860,7
christinesmith,6543707,7
lyndamay,7345623,10
jenniferharrison,7333463,6
laurasmith,6175465,10
christinesmith,7303718,0
adamshaw,7120796,1
kateduffy,60199571,7
leonardball,28636589,5
joelgoddard,60164662,2
malcolmparker,23258802,6
rickysmith,7176295,10
teresawilliams,6547974,9
sandrastephenson,6135129,6
katemoore,7379048,8
antonyjohnson,7302304,10
jasonnorris,60088915,5
katearmstrong,7242980,7
karlhall,7144490,3
angelagriffiths,29112400,1
traceysmith,7299311,2
jeansavage,20914008,6
paigecartwright,6925855,10
georgemartin,60006633,10
natashawebster,60088303,10
maxparsons,6382568,2
donaldhenderson,7242905,4
kieranrobinson,2115352,5
andreascott,7208693,8
callumsmith,7455755,5
staceylaw,60012757,4
catherineevans,7285965,6
dennishoward,7311672,7
gavinbrown,7500157,8
frederickwarren,60006633,9
darrenroberts,60249293,8
maxelliott,7488238,6
marionnicholson,60090499,4
reecepickering,2191792,7
abdulallen,6382568,2
howardingram,60095849,10
amberkay,6511260,5
robertbyrne,6914128,2
victoriaclarke,7426194,2
simonbrown,42940486,10
mauricearcher,2555123,5
abduldavey,7428642,3
lesleyking,2195372,1
rachelsmith,6172482,3
frederickhopkins,7327528,1
nicolasingh,6860648,5
teresawilliams,7139780,1
holliehardy,2572249,4
heatherhowell,7331495,3
amberholmes,7154844,9
jilledwards,60224916,1
victorconnolly,7461267,3
deboraharnold,60008954,3
vanessaroberts,60005505,3
tinagibbons,6511252,7
heathersingh,60197870,9
dannywilkinson,7124473,1
alexanderlewis,7383053,5
ericmiller,7170785,7
bethsmith,7143478,8
jodieowens,30576385,0
lyndamay,1713272,5
denisenash,6480594,6
hannahtaylor,38127113,3
philipnelson,28644506,1
heathersingh,60097833,9
joyceevans,60197870,1
geraldinewatkins,7442432,5
darrenroberts,6920608,1
brucenaylor,29356717,6
fredericksmith,7442629,1
victorconnolly,25322613,8
teresawilliams,6511252,1
rickysmith,6905153,10
ericmiller,60287934,8
staceylaw,60192291,9
stephenellis,7485476,5
benjohnson,7119550,4
malcolmwest,6476201,8
donnalloyd,20199856,6
victoriapowell,7241577,7
staceylaw,7252609,9
mandycampbell,25054708,0
tinalynch,2261987,0
louisfletcher,2217309,7
chloehall,28604016,10
rickysmith,6482708,3
nicolahunt,6161413,5
rhysbaxter,6003133,10
heatherhowell,6749119,6
carlreid,6479278,7
fredericksmith,60160721,3
rhysbaxter,60292652,3
kevinrobinson,28627415,4
danielwillis,30177111,1
annagill,6161413,2
lesleyking,60252391,10
jodieowens,44402457,7
gavinbrown,13561154,0
alexandrajenkins,7323786,8
bradleymurphy,29048753,10
cliveriley,26329859,6
jodielawrence,7289138,9
simonbrown,30693012,2
louiscoleman,7157177,9
mauriceallen,7418930,6
jacquelineanderson,7331495,2
howardingram,60199571,8
amberkay,60007796,5
nicolesinclair,7413858,2
christinesmith,7158505,2
richardthomas,7433565,10
briannash,30844924,10
chloegriffiths,7157312,4
liamporter,7120699,2
alexanderlewis,6003133,1
hazelmacdonald,44408323,5
clivemurphy,29356717,7
emmaward,7445709,10
tinalynch,44409230,2
donnalloyd,7136366,0
leighbrown,27227901,7
jessicathomas,7500157,2
donaldhenderson,7115881,3
amandalittle,7242638,10
tobyward,60002700,10
leonhunter,2005832,1
christineferguson,6014791,8
katherinegreen,74326,10
lesliepage,20103700,0
patrickjohnson,7331495,5
brendarogers,29298601,10
amandalittle,60090553,8
reecepickering,28604202,4
kevinrobinson,60080957,1
geraldinewatkins,6934110,7
stephenbrown,60191279,0
darrenroberts,7121024,9
paigecartwright,2206269,4
janetellis,28627415,9
edwardpugh,7442629,0
maxelliott,60159413,7
richardbrown,7232241,0
stephaniebradley,60168196,3
patrickjohnson,7148984,3
tobyward,29215978,9
liamporter,7433700,8
paulhilton,60275324,0
harrybrown,7158475,7
louisfletcher,7373619,10
jemmabray,20228716,2
jilledwards,7653751,3
ericmiller,7344260,8
hannahtaylor,6334342,6
denisenash,29112400,2
jaynefrost,7436009,0
jeansavage,60177837,5
neilhunter,7162219,9
francescajennings,7320418,2
patrickjohnson,20199856,5
danielwillis,7303742,3
tobyward,60175834,6
stephenellis,6354262,6
sarahadams,28740637,7
nathanlewis,7137508,0
emmaward,1656136,5
martinmason,6929443,4
laurenmills,7457065,9
nathanlewis,7142161,7
lynnewalsh,44456867,1
jessicathomas,2195372,3
grahamross,60290994,3
leighbrown,60191279,8
rachelsmith,7344260,8
holliehardy,28604199,4
maxparsons,30689074,6
frederickjackson,6925847,7
brandonhale,29303303,0
chloehall,49160060,6
frederickwarren,2555123,5
hayleyhoward,6385680,2
laurenmills,6903509,7
danielwillis,7491433,4
craigstevens,51693836,4
antonyjohnson,6388450,0
davidelliott,20826621,4
neilsmith,6903754,8
ericmiller,60146710,6
roberthughes,60287934,0
sarahrogers,891.98332,1
tinagibbons,7449232,10
malcolmparker,60297573,9
stuartturner,7242905,0
cliveriley,30605601,8
francesburke,7262825,6
philipharvey,7323786,5
donnalloyd,23606924,0
philipnelson,44409125,6
marionnicholson,1941038,0
chloegriffiths,25604406,0
edwardpugh,30802873,0
simontaylor,28018745,1
elainemurphy,2581578,0
catherineevans,28627024,2
amandalittle,6932436,1
grahamedwards,7201095,1
joyceowen,2215888,9
briannash,6164331,2
lesleyking,3142078,0
abdulallen,6907237,3
joyceowen,7482817,0
victoriapowell,7434936,7
mauricearcher,7458207,9
hazelmacdonald,7120699,10
philipharvey,7157169,9
bradleymurphy,7540035,0
dannywilkinson,7262825,9
reecemurphy,60197617,8
kathleenclarke,7244665,7
daniellewright,6933971,6
dannywilkinson,44409125,3
lesliepage,6485693,0
grahamedwards,26124165,1
neilsmith,7139853,6
jodielawrence,25649922,3
jodielawrence,6903452,2
rickysmith,2198290,10
jacquelineanderson,7158475,8
kevinrobinson,30860210,1
amberholmes,4182170,7
christinesmith,2192357,1
patrickjohnson,7289138,0
richardthomas,7482817,4
jacquelineanderson,6511260,10
kateduffy,7489943,7
elainemurphy,28603958,0
traceysmith,29021308,0
louisfletcher,7512392,5
sarahrogers,20425651,7
frederickhopkins,6903908,7
simontaylor,7148984,5
josephpowell,7359071,4
geraldinewatkins,6172075,8
joyceevans,28608313,9
teresawilliams,6926525,4
malcolmwest,7230567,6
paigekent,60188065,8
janetellis,20016700,8
allanwells,60081279,10
mauricearcher,7136846,3
abdulallen,60191279,4
rachelsmith,6920608,8
hollylowe,7138873,3
grahamedwards,6933971,9
kateharper,7395906,5
malcolmparker,6158110,7
deboraharnold,7271174,9
frederickhopkins,28657187,8
kevinrobinson,20288905,9
martinmason,6172482,1
jenniferharrison,7426194,9
rachelsmith,7457065,3
teresawilliams,60196319,0
stephenbrown,25258001,10
natashawebster,7319231,8
neilsmith,7149824,5
maxelliott,7424965,8
alexanderlewis,7389876,1
victorconnolly,7457065,10
kateduffy,60197617,7
leonardball,6936628,6
robertbyrne,6548334,6
danielwillis,20228716,8
richardthomas,7466072,1
hazelkhan,60191279,8
nathanlewis,6485693,3
callummurray,7443498,1
hazelo'sullivan,7244002,3
carolynedwards,11532297,4
karlhall,7111452,3
tobyward,6511260,4
victoriapowell,7113803,1
benjohnson,6482996,10
gavinkemp,6014791,10
staceylaw,6388450,7
jakecook,29241901,8
jemmabray,7149824,7
donnaking,29187303,9
lesliepage,60175028,3
maxparsons,7511280,0
victoriaclarke,60082186,7
nicolesinclair,30184363,6
donnaking,60005505,8
jaymoran,7113064,3
hollylowe,7223773,7
neilsmith,28612663,7
briannash,6860648,10
lesleyking,60084391,9
maureenscott,7182465,9
francesburke,25322613,9
leonmoore,7156359,5
jessicathomas,7331789,6
leonhunter,4589262,3
kathrynjohnson,60168196,7
brandonhale,7115865,5
cliveriley,30491916,0
antonyjohnson,7372663,2
louiscoleman,25473905,5
mandystevens,7235585,7
jemmabray,20424108,1
grahamedwards,6925847,4
lynncox,7169949,8
richardbrown,20072406,3
guytaylor,28604016,8
kieranrobinson,27000311,3
louisfletcher,60280891,0
stephenbrown,2261987,3
mandystevens,6934110,9
adamgiles,7142161,7
janicetaylor,25882805,3
emmaward,2310015,2
neilsmith,27814319,8
rachelsmith,7242980,2
stephaniebradley,29021308,3
albertrees,7158505,10
paigecartwright,2557916,7
patrickjohnson,7331843,10
edwardpugh,7424922,8
lesliepage,7217803,0
malcolmparker,7243006,3
sarahrogers,7144490,6
darrenwilson,6344623,0
jasonnorris,6929311,9
lyndamay,2213763,1
davidelliott,7244665,0
alexanderdavis,28627024,7
francesburke,60164662,6
geraldinewatkins,3142078,10
karlhall,6376673,6
maureenscott,7311672,6
hazelmacdonald,27674010,0
jaynefrost,7243006,1
danielwillis,60280212,5
robertbyrne,25882805,1
reecepickering,7331843,8
mandycampbell,21823324,2
amandalittle,7193149,5
juliewebb,60192356,1
emmaward,60084618,0
paulhilton,6933998,8
lynnewalsh,7320418,8
philipharvey,7139780,6